title,description,source,published_at,url,content
"T20 WC 2026 Group A updated points table: India, Pakistan, USA rankings","The Group A points table has already started taking shape with India and Pakistan tied at the top with 4 points each. India however, are ahead on net run rate after their 2 comfortable wins.",Business Standard,2026-02-12T16:55:14Z,https://www.business-standard.com/cricket/icc-t20-world-cup/t20-wc-2026-group-a-updated-points-table-india-pakistan-usa-rankings-126021201835_1.html,"The Group A points table has already started taking shape with India and Pakistan tied at the top with 4 points each. India however, are ahead on net run rate after their 2 comfortable wins.
T20 Wor… [+2371 chars]"
"Asia Yearbook 2026: Major Domestic Political Developments, Foreign Policy, and Socio-economic Trends","The main market opportunities in Asia include leveraging updated political and economic insights for strategic decision-making, accessing comprehensive country-specific data for investment planning, and utilizing cutting-edge analysis to understand and naviga…",GlobeNewswire,2026-02-12T16:01:00Z,https://www.globenewswire.com/news-release/2026/02/12/3237426/28124/en/Asia-Yearbook-2026-Major-Domestic-Political-Developments-Foreign-Policy-and-Socio-economic-Trends.html,"Dublin, Feb. 12, 2026 (GLOBE NEWSWIRE) -- The ""Asia Yearbook"" directory has been added to ResearchAndMarkets.com's offering.
This comprehensive survey of the countries of East, South, and South-East… [+3831 chars]"
Rafale fighter jets and maritime patrol aircraft: India eyes strategic air power upgrade,"India’s defense ministry says a government panel has cleared a major step toward buying more Rafale fighter jets and P-8I maritime patrol aircraft. On Thursday, the Defence Acquisition Council gave what India calls an “acceptance of necessity” for the purchas…",Associated Press,2026-02-12T15:45:32Z,https://apnews.com/article/rafale-france-macron-modi-p8i-us-india-3034e3f1026418206eaaa7b10a620bf4,NEW DELHI (AP) An Indian government panel Thursday gave its preliminary approval for the purchase of additional Rafale fighter jets and maritime patrol aircraft in deals valued at billions of dollars… [+1990 chars]
'Taken on board India's inputs....': MEA on UN report highlighting JeM's role in Red Fort blast case,"A United Nations report has acknowledged India's concerns about cross-border terrorism. The report highlights the role of Jaish-e-Mohammed in the 2025 Red Fort blast. This attack claimed 15 lives. The group's women-only wing, Jamaat ul-Muminat, is also mentio…",The Times of India,2026-02-12T15:42:47Z,https://economictimes.indiatimes.com/news/india/taken-on-board-indias-inputs-mea-on-un-report-highlighting-jems-role-in-red-fort-blast-case/articleshow/128265585.cms,The Ministry of External Affairs (MEA) on Thursday said that a recent UN report flagging the role of Jaish-e-Mohammed (JeM) in the 2025 blast near the Red Fort has taken into account India's concerns… [+3044 chars]
Olympic medals today: What is the medal count at 2026 Winter Games on Feb.12,Keep up with all the medals handed out during the 2026 Milano Cortina games.,USA Today,2026-02-12T15:34:59Z,https://www.usatoday.com/story/sports/olympics/2026/02/12/winter-olympics-medal-count-today-feb-12/88639523007/,"Athletes from more than 90 countries will compete for Winter Olympic medals in 116 events over 16 days, and USA TODAY is keeping a tally of every nation finishing on the podium. Here's a look at the … [+9996 chars]"
Pew report finds Christians are often largest group in the world’s most religiously diverse places,"Among the most populous nations, the U.S. ranks first in religious diversity. Singapore is the most religiously diverse country overall, and the U.S. ranks 32nd.",Ewtnnews.com,2026-02-12T15:00:00Z,https://www.ewtnnews.com/world/us/pew-report-finds-christians-are-often-the-largest-group-in-the-world-s-most-religiously-diverse,"The Pew Research Center released a report examining the most and least religiously diverse countries and territories across the globe.
The Feb. 12 report found that the United States is not among th… [+5748 chars]"
"Sortable table: Religious diversity by country, 2010-2020","This sortable table shows religious diversity scores for countries and territories in 2010 and 2020.
The post Sortable table: Religious diversity by country, 2010-2020 appeared first on Pew Research Center.",Pew Research Center,2026-02-12T14:52:44Z,http://www.pewresearch.org/religion/2026/02/12/sortable-table-religious-diversity-by-country-2010-2020/,"The sortable table below shows the Religious Diversity Index (RDI) score for each country and territory included in our study, along with its corresponding diversity level in 2010 and 2020. It also d… [+37163 chars]"
Religious Diversity Around the World,"Singapore is the most religiously diverse country, and Yemen the least, as of 2020. The U.S. ranks first among nations with large populations.
The post Religious Diversity Around the World appeared first on Pew Research Center.",Pew Research Center,2026-02-12T14:52:42Z,http://www.pewresearch.org/religion/2026/02/12/religious-diversity-around-the-world/,"About this research 
This Pew Research Center report describes levels of religious diversity in 201 countries and territories. We measure how evenly each countrys population is distributed among sev… [+14618 chars]"
Flight fares rise 50% as fans head to Colombo for India-Pakistan match,"Airfares to Colombo surge up to 50 per cent ahead of India-Pakistan clash on February 15, with hotel tariffs also moving up amid strong cricket-driven travel demand",Business Standard,2026-02-12T14:47:23Z,https://www.business-standard.com/industry/news/flight-fares-rise-50pc-cricket-fans-colombo-india-pak-match-126021201615_1.html,"IndiaPakistan match fever sends Colombo flight fares and hotel tariffs soaring, with last-minute air tickets from India touching 1 lakh."
Why encouraging Separatism in Sri Lanka is Strategically Dangerous for India,"It is crucial to understand the real nature of India’s regional doctrine the modus operandi changes with each government but the objective remains the same. India’s geopolitical goal has been political hegemony over its neighbors, regional dominance, strategi…",Sinhalanet.net,2026-02-12T14:26:49Z,https://www.sinhalanet.net/why-encouraging-separatism-in-sri-lanka-is-strategically-dangerous-for-india,It is crucial to understand the real nature of Indias regional doctrine the modus operandi changes with each government but the objective remains the same. Indias geopolitical goal has been political… [+12618 chars]
A multi-class framework for fish species classification using deep learning technique,"Fish species recognition is essential for ecological studies, fishery management, and marine biology. Accurate detection and categorization are critical for preserving biodiversity, allowing scientists to track species distribution, identify invasive species,…",Plos.org,2026-02-12T14:00:00Z,https://journals.plos.org/plosone/article?id=10.1371/journal.pone.0342901,"Abstract
Fish species recognition is essential for ecological studies, fishery management, and marine biology. Accurate detection and categorization are critical for preserving biodiversity, allowin… [+56572 chars]"
Role of corporate governance in thriving green innovation practices: A case of emerging economy,In recent years the concept of green innovation has gained global attention in solving environmental issues and advancing sustainable development but opting for green innovation has always been challenging for firms due to the lack of incentives and negative …,Plos.org,2026-02-12T14:00:00Z,https://journals.plos.org/plosone/article?id=10.1371/journal.pone.0342897,"Abstract
In recent years the concept of green innovation has gained global attention in solving environmental issues and advancing sustainable development but opting for green innovation has always … [+69804 chars]"
Cambodia crackdown exposes 'digital arrest' scam centre targeting Indians,"Cambodia Cyber Scam Centers: Cambodia shuts about 200 scam centres, including one with a fake Indian police station set-up used in ""digital arrest"" fraud, as India tightens action on rising cybercrime.",Business Standard,2026-02-12T13:54:26Z,https://www.business-standard.com/india-news/cambodia-digital-arrest-scam-centre-india-cyber-crime-fraud-cases-126021201510_1.html,"Cambodian authorities have uncovered a scam centre featuring a fake Indian police station set-up, allegedly used by fraudsters to carry out ""digital arrest"" scams targeting victims in India
A sign r… [+4190 chars]"
The Dialectic: Narendra Modi’s Vegetarian Stalinism Has Ruined the Indian Economy,"Editor-in-Chief Atul Singh and FOI Senior Partner Glenn Carle, a retired CIA officer who now advises companies, governments and organizations on geopolitical risk, turn their dialectic eastward to examine India’s political economy under Indian Prime Minister …",Fair Observer,2026-02-12T13:52:06Z,https://www.fairobserver.com/economics/the-dialectic-narendra-modis-vegetarian-stalinism-has-ruined-the-indian-economy/,"Editor-in-Chief Atul Singh and FOI Senior Partner Glenn Carle, a retired CIA officer who now advises companies, governments and organizations on geopolitical risk, turn their dialectic eastward to ex… [+23152 chars]"
"Today News Headlines for School Assembly, February 13, 2026: Defence procurements approved, CBSE webcast, Bangladesh election results awaited and more","Today News Headlines for School Assembly, February 13, 2026: Get important National, International, Sports, Business, and GK current affairs updates curated for students, teachers, and morning assemblies.",The Indian Express,2026-02-12T13:37:04Z,https://indianexpress.com/article/education/today-news-headlines-for-school-assembly-13-february-2026-india-defence-procurements-approved-for-rafale-p8i-bangladesh-election-results-awaited-10528973/,India is set to strengthen its defence capabilities with the acquisition of advanced fighter jets from France and additional maritime surveillance aircraft. The move includes procurement of Rafale fi… [+2707 chars]
Boost $300 Prepaid SIM Starter Kit 365 Days 240GB+50GB (Activate by 02-03-26 to Get Bonus 50GB Data) $244.50 Delivered@ TelcoBiz,Additional Information: (THIS IS NOT A RECHARGE VOUCHER) BOOST MOBILE $300 PREPAID SIM STARTER KIT 290 GB Data (240GB + 50GB Bonus) IF Activated before 02-MAR-2026 (New customers or porting …,Ozbargain.com.au,2026-02-12T13:33:23Z,https://www.ozbargain.com.au/node/948079,"Additional Information: (THIS IS NOT A RECHARGE VOUCHER)
BOOST MOBILE $300 PREPAID SIM STARTER KIT
290 GB Data (240GB + 50GB Bonus) IF Activated before 02-MAR-2026 (New customers or porting custome… [+2555 chars]"
Construction Equipment Market worth $186.62 billion by 2030 | MarketsandMarkets™,"Delray Beach, FL, Feb. 12, 2026 (GLOBE NEWSWIRE) -- According to MarketsandMarkets™, the construction equipment market is projected to grow from USD 148.02 billion in 2024 to USD 186.62 billion by 2030 at a CAGR of 3.9%.",GlobeNewswire,2026-02-12T13:30:00Z,https://www.globenewswire.com/news-release/2026/02/12/3237180/0/en/Construction-Equipment-Market-worth-186-62-billion-by-2030-MarketsandMarkets.html,"Delray Beach, FL, Feb. 12, 2026 (GLOBE NEWSWIRE) -- According to MarketsandMarkets, the construction equipment market is projected to grow from USD 148.02 billion in 2024 to USD 186.62 billion by 203… [+4576 chars]"
Suryakumar says Abhishek may remain unavailable until IND VS PAK clash,Sanju Samson has been named Abhishek Sharma's replacement in India's playing 11 for the Namibia clash,Business Standard,2026-02-12T13:24:47Z,https://www.business-standard.com/cricket/icc-t20-world-cup/suryakumar-says-abhishek-may-remain-unavailable-until-ind-vs-pak-clash-126021201450_1.html,"Sanju Samson has been named Abhishek Sharma's replacement in India's playing 11 for the Namibia clash
Indian opener Abhishek Sharma
Aditya KaushikNew Delhi
India skipper Suryakumar Yadav has provi… [+2268 chars]"
India vs Pakistan: Why it’s going ahead,India vs Pakistan will finally go ahead at the T20 World Cup. Samantha Johnson looks at the U-turn.,Al Jazeera English,2026-02-12T13:21:51Z,https://www.aljazeera.com/video/game-theory/2026/2/12/aje-onl-indiavpakistangt_v4-120226,"Game Theory
India vs Pakistan will go ahead at the T20 World Cup, co-hosted by India and Sri Lanka. After a week of uncertainty, quiet talks won out. This wasnt just a fixture under threat, it was a… [+252 chars]"
India vs Namibia live streaming: Where to watch today's T20 WC 2026 match?,"Namibia come into this match with experience playing in New Delhi, which could work in their favor.",Business Standard,2026-02-12T12:36:38Z,https://www.business-standard.com/cricket/icc-t20-world-cup/india-vs-namibia-live-streaming-where-to-watch-today-s-t20-wc-2026-match-126021200941_1.html,"Namibia come into this match with experience playing in New Delhi, which could work in their favor.
India vs Namibia T20 World Cup live streaming
BS Web TeamNew Delhi
The ICC Mens T20 World Cup 20… [+5030 chars]"
"India backs $40 billion military upgrade with more Rafale fighters, Boeing P-8Is","NEW DELHI, Feb 12 (Reuters) - India on Thursday gave initial clearance for a 3.6-trillion-rupee ($40 billion) boost to the country's armed forces, including ...",Yahoo Entertainment,2026-02-12T12:32:07Z,https://sg.finance.yahoo.com/news/india-backs-40-billion-military-123207329.html,"NEW DELHI, Feb 12 (Reuters) - India on Thursday gave initial clearance for a 3.6-trillion-rupee ($40 billion) boost to the country's armed forces, including procurement of more Rafale fighter jets fo… [+2175 chars]"
Believe it or not: Truffles were served at an Indian durbar in 1897,"A royal banquet menu from 1897 India, hosted by the Maharaja of Baroda for the Maharaja Scindia of Gwalior, revealed a surprising fusion of European and Indian cuisine. Dishes like truffles, mayonnaise, and roast partridge were served alongside vegetable stew…",The Times of India,2026-02-12T12:05:54Z,https://timesofindia.indiatimes.com/entertainment/events/kolkata/believe-it-or-not-truffles-were-served-at-an-indian-durbar-in-1897/articleshow/128257218.cms,"Follow Us On Social Media
Trisha gets emotional on 'Mounam Pesiyadhe' re-release, calls it her careers beginningGoogle DeepMind CEO Demis Hassabis talks about his sleep routine that he agrees is unu… [+1671 chars]"
"CPH:DOX Announces 2026 Competition Lineups, With 53 World Premieres, 17 International Premieres","CPH:DOX, the world-renowned Copenhagen-based documentary festival, announced its lineup across six competition sections today, including the flagship DOX:AWARD category, which comes with a €10,000 prize. The competition slate boasts 53 world premieres, 17 int…",Deadline,2026-02-12T11:33:44Z,http://deadline.com/2026/02/cphdox-2026-competition-lineups-1236717010/,"CPH:DOX, the world-renowned Copenhagen-based documentary festival, announced its lineup across six competition sections today, including the flagship DOX:AWARD category, which comes with a €10,000 pr… [+13022 chars]"
Asia-Pacific Who's Who of Authors and Writers in 2026: An Invaluable Source of Biographical Information on the Key Personalities,"The Asia-Pacific Who's Who of Authors and Writers offers a comprehensive, annually updated biographical directory of key literary figures across the Asia-Pacific region. Ideal for libraries, media, and PR firms, it provides detailed entries for writers and pu…",GlobeNewswire,2026-02-12T11:22:00Z,https://www.globenewswire.com/news-release/2026/02/12/3237000/28124/en/Asia-Pacific-Who-s-Who-of-Authors-and-Writers-in-2026-An-Invaluable-Source-of-Biographical-Information-on-the-Key-Personalities.html,"Dublin, Feb. 12, 2026 (GLOBE NEWSWIRE) -- The ""Asia-Pacific Who's Who of Authors and Writers"" directory has been added to ResearchAndMarkets.com's offering.
Asia-Pacific Who's Who of Authors and Wri… [+2212 chars]"
Ageless Aamir Kaleem turns timekeeper-breaker for Oman,Aamir Kaleem of Oman is now the oldest player in a T20 World Cup at 44. He aims to keep pushing for his country's success. Kaleem believes age is just a number and he can still compete. He also highlighted the need for associate nations to play more against t…,The Times of India,2026-02-12T10:47:10Z,https://economictimes.indiatimes.com/news/sports/ageless-aamir-kaleem-turns-timekeeper-breaker-for-oman/articleshow/128253657.cms,"Bengaluru: Oman's Aamir Kaleem has become the oldest player ever to play in a Twenty20 World Cup, but the 44-year-old veteran insists he's far from finished and is determined to keep pushing for his … [+2163 chars]"
Bangladesh election live results 2026: By the numbers,Nearly 127 million eligible voters are electing the next prime minister and parliament for a five-year term.,Al Jazeera English,2026-02-12T10:40:11Z,https://www.aljazeera.com/news/2026/2/12/live-results-bangladesh-election-2026,"Vote counting is under way in Bangladesh, where 127 million eligible voters are electing a new government, 18 months after a student-led movement ended Sheikh Hasinas two-decade rule.
Alliances led … [+5820 chars]"
"How to watch India vs Namibia: Free Streams, TV Channels & Preview for T20 World Cup 2026 match",Here's how to watch India vs Namibia T20 World Cup streams as Suryakumar Yadav's side look to make it two from two.,TechRadar,2026-02-12T10:30:00Z,https://www.techradar.com/how-to-watch/cricket/india-vs-namibia-t20-world-cup-2026-free,"Defending champions and hosts India will take on associate nation Namibia in their second T20 World Cup 2026 fixture in Delhi tonight. While it may not be a high-stakes match on paper, if the first f… [+3524 chars]"
Abhishek Sharma suffers severe weight loss after hospitalisation; Star opener may miss key T20 match,"Abhishek Sharma is sidelined for India’s T20 World Cup match against Namibia due to a severe stomach infection. The explosive opener fell ill after consuming something following a net session, leading to dehydration and hospitalisation. His recovery is the te…",The Times of India,2026-02-12T10:27:56Z,https://economictimes.indiatimes.com/news/new-updates/abhishek-sharma-suffers-severe-weight-loss-after-hospitalisation-star-opener-may-miss-key-t20-match/articleshow/128252167.cms,"Abhishek Sharmas stomach infection has left the Indian cricket team facing a dilemma ahead of their T20 World Cup 2026 Group A match against Namibia. The explosive opener is now set to miss the game,… [+2089 chars]"
"Rafale gets DAC nod, more Scalp and Meteor next? How India is planning to make 'Op Sindoor hero' a mighty fighter","The Defence Acquisition Council is set to review significant procurement proposals, including the acquisition of 114 Rafale combat aircraft and SCALP cruise missiles from France. The meeting will also consider P-8I maritime surveillance aircraft from the US a…",The Times of India,2026-02-12T10:20:13Z,https://economictimes.indiatimes.com/news/defence/rafale-gets-dac-nod-more-scalp-and-meteor-next-how-india-is-planning-to-make-op-sindoor-hero-a-mighty-fighter/articleshow/128247070.cms,"The Defence Acquisition Council (DAC) has approved the Rs 3.25 lakh crore deal for buying 114 Rafale fighter jets from French manufacturer Dassault. As per reports, the DAC meeting, chaired by Defenc… [+4895 chars]"
5 Book Reviews You Need to Read This Week,"Our murder’s row of magnificent reviews this week includes Ron Charles on Jonathan Miles’s Eradication, Karan Mahajan on Daniyal Mueenuddin’s This Is Where the Serpent Lives, Alexandra Jacobs on Lionel Shriver’s A Better Life, Hamilton Cain on Namwali Serpell…",Lithub.com,2026-02-12T09:58:33Z,https://lithub.com/5-book-reviews-you-need-to-read-this-week-2-12-2026/,"Our murders row of magnificent reviews this week includes Ron Charles on Jonathan Miless Eradication, Karan Mahajan on Daniyal Mueenuddins This Is Where the Serpent Lives, Alexandra Jacobs on Lionel … [+12250 chars]"
Federation of Indian Airlines opposes country’s bid to tighten cabin crew fatigue rules,"FIA is pushing back against a key government proposal after IndiGo, India’s largest airline, canceled around 4,500 flights in December due to inadequate planning for new pilot fatigue management rules",BusinessLine,2026-02-12T09:50:25Z,https://www.thehindubusinessline.com/economy/logistics/federation-of-indian-airlines-opposes-countrys-bid-to-tighten-cabin-crew-fatigue-rules/article70623501.ece,",
A group representing Indias top airlines IndiGo and Air India has asked the government to dilute proposed fatigue management rules for cabin crew, warning they could disrupt flight schedules and l… [+2709 chars]"
"Asia-Pacific Defence Industries & Authorities Directory 2026: Executive, Military & Civilian Command Structures in One Authoritative Resource","The Asia-Pacific Defence Industries & Authorities Directory offers key opportunities by connecting defense contractors to decision-makers in procurement across the region. It provides comprehensive contact details, company info, and market insights, facilitat…",GlobeNewswire,2026-02-12T09:13:00Z,https://www.globenewswire.com/news-release/2026/02/12/3236941/28124/en/Asia-Pacific-Defence-Industries-Authorities-Directory-2026-Executive-Military-Civilian-Command-Structures-in-One-Authoritative-Resource.html,"Dublin, Feb. 12, 2026 (GLOBE NEWSWIRE) -- The ""Asia-Pacific Defence Industries &amp; Authorities Directory"" directory has been added to ResearchAndMarkets.com's offering.
The Asia-Pacific Defence In… [+3418 chars]"
"South Asia Foundations Directory 2026:Country-by-Country Profiles Featuring Executive Contacts, Activity Areas & Indexed Funding Intelligence by Region and Sector","This directory offers significant opportunities for networking and collaboration among NGOs, foundations, and grant-seeking organizations across South Asia. It serves as a vital resource for enhancing funding opportunities, facilitating strategic partnerships…",GlobeNewswire,2026-02-12T09:10:00Z,https://www.globenewswire.com/news-release/2026/02/12/3236938/28124/en/South-Asia-Foundations-Directory-2026-Country-by-Country-Profiles-Featuring-Executive-Contacts-Activity-Areas-Indexed-Funding-Intelligence-by-Region-and-Sector.html,"Dublin, Feb. 12, 2026 (GLOBE NEWSWIRE) -- The ""South Asian Foundations Directory"" directory has been added to ResearchAndMarkets.com's offering.
This new directory of foundations, trusts, charitable… [+2028 chars]"
"Corporate Giving International Directory 2026: Comprehensive Intelligence for Grant Seekers, Grant-Makers & Philanthropy Researchers Featuring Verified Corporate Funding Data","The International Directory of Corporate Giving offers vast opportunities for grant seekers to identify potential corporate supporters, allows grantmakers to learn more about peers, and aids scholars and others interested in philanthropy by providing comprehe…",GlobeNewswire,2026-02-12T09:01:00Z,https://www.globenewswire.com/news-release/2026/02/12/3236926/28124/en/Corporate-Giving-International-Directory-2026-Comprehensive-Intelligence-for-Grant-Seekers-Grant-Makers-Philanthropy-Researchers-Featuring-Verified-Corporate-Funding-Data.html,"Dublin, Feb. 12, 2026 (GLOBE NEWSWIRE) -- The ""International Directory of Corporate Giving"" directory has been added to ResearchAndMarkets.com's offering.
The International Directory of Corporate Gi… [+3658 chars]"
"Asia-Pacific Foundations Directory 2026: Comprehensive Intelligence on 1,000+ National and International Grant-Making Organization","The directory unveils significant market opportunities by connecting over 1000 foundations and NGOs across the Asia-Pacific region, aiding organizations in sectors like aid, environment, and education to discover partners and funding opportunities. It's an es…",GlobeNewswire,2026-02-12T09:01:00Z,https://www.globenewswire.com/news-release/2026/02/12/3236928/28124/en/Asia-Pacific-Foundations-Directory-2026-Comprehensive-Intelligence-on-1-000-National-and-International-Grant-Making-Organization.html,"Dublin, Feb. 12, 2026 (GLOBE NEWSWIRE) -- The ""Directory of Asia-Pacific Foundations"" directory has been added to ResearchAndMarkets.com's offering.
This comprehensive new directory lists every majo… [+2425 chars]"
What’s the Latest on Shehnaaz Gill’s Upcoming Film 'Ishqnama'?,"Punjabi icon Shehnaaz Gill has shared an exciting glimpse into her upcoming film 'Ishqnama', set for release on July 24, 2026. This romantic drama, rooted in true events, promises an emotional journey of love against the backdrop of the India-Pakistan conflic…",Nationpress.com,2026-02-12T08:59:48Z,https://www.nationpress.com/entertainment/shehnaaz-gills-ishqnama-poster-released,"Mumbai, Feb 12 (NationPress) Punjabi sensation Shehnaaz Gill has just revealed the first poster for her forthcoming film Ishqnama, which she describes as a genuine tale of devoted lovers.
In a socia… [+1686 chars]"
Nepal vs Italy live streaming: Where to watch today's T20 WC 2026 match?,"Nepal may have lost their opening game, but their spirited display against England has raised expectations",Business Standard,2026-02-12T08:32:39Z,https://www.business-standard.com/cricket/icc-t20-world-cup/nepal-vs-italy-live-streaming-where-to-watch-today-s-t20-wc-2026-match-126021200487_1.html,"Nepal may have lost their opening game, but their spirited display against England has raised expectations
Nepal vs Italy ICC T20 World Cup 2026 broadcasting details
BS Web TeamNew Delhi
A crucial… [+6585 chars]"
"CPH:DOX Unveils Competition Lineups, Including 53 World Premieres","CPH:DOX, also known as Copenhagen Intl. Documentary Film Festival, has unveiled its competition lineup, featuring 53 world premieres, 17 international premieres and four European premieres. The 23rd edition of the festival runs March 11-22. Niklas Engstrøm, a…",Variety,2026-02-12T08:00:00Z,https://variety.com/2026/film/global/cphdox-competition-lineups-1236660202/,"CPH:DOX, also known as Copenhagen Intl. Documentary Film Festival, has unveiled its competition lineup, featuring 53 world premieres, 17 international premieres and four European premieres. The 23rd … [+11976 chars]"
"RSSB Clerk Grade II, Junior Assistant 2026: Registration ends tomorrow for 10,644 posts, direct link to apply here","Rajasthan Staff Selection Board's recruitment for 10,644 Clerk Grade II and Junior Assistant posts closes tomorrow, February 13. Aspiring candidates must apply via the SSO portal, meeting Class 12 and computer qualification criteria. The written exam is set f…",The Times of India,2026-02-12T07:50:00Z,https://timesofindia.indiatimes.com/education/news/rssb-clerk-grade-ii-junior-assistant-2026-registration-ends-tomorrow-for-10644-posts-direct-link-to-apply-here/articleshow/128245131.cms,"<ul><li>News</li>
<li>Education News</li>
<li>News</li>
<li>RSSB Clerk Grade II, Junior Assistant 2026: Registration ends tomorrow for 10,644 posts, direct link to apply here</li></ul>
Follow Us … [+3449 chars]"
T20 WC 2026: Five reasons why Pakistan could stun India in Colombo,Pakistan will be taking on India in Colombo while staying unbeaten in their last five T20I matches,Business Standard,2026-02-12T07:46:13Z,https://www.business-standard.com/cricket/icc-t20-world-cup/t20-wc-2026-five-reasons-why-pakistan-could-stun-india-in-colombo-126021200640_1.html,"Pakistan will be taking on India in Colombo while staying unbeaten in their last five T20I matches
Pakistan cricket team
Aditya KaushikNew Delhi
After much deliberation and delay, the most anticip… [+3556 chars]"
"SBI CBO recruitment 2026: Registration deadline extended for 2,050 posts at sbi.bank.in; direct link to apply here","The State Bank of India has extended the application deadline for Circle Based Officer recruitment. Candidates can now apply online until February 25, 2026. This recruitment offers a chance to join one of India's largest public sector banks. Applicants must m…",The Times of India,2026-02-12T07:37:49Z,https://timesofindia.indiatimes.com/education/news/sbi-cbo-recruitment-2026-registration-deadline-extended-for-2050-posts-at-sbi-bank-in-direct-link-to-apply-here/articleshow/128244450.cms,"<ul><li>News</li>
<li>Education News</li>
<li>News</li>
<li>SBI CBO recruitment 2026: Registration deadline extended for 2,050 posts at sbi.bank.in; direct link to apply here</li></ul>
Follow Us … [+3449 chars]"
T20 World Cup 2026: BCB chief Aminul Islam to be in Colombo for India-Pakistan match; ice-breaker meet with BCCI likely,Bangladesh Cricket Board chief Aminul Islam will be in Colombo for the India-Pakistan T20 World Cup match. He expects to resolve recent tensions with the BCCI. The ICC invited representatives from five Asian countries to foster dialogue. This meeting aims to …,The Times of India,2026-02-12T07:31:27Z,https://economictimes.indiatimes.com/news/sports/t20-world-cup-2026-bcb-chief-aminul-islam-to-be-in-colombo-for-india-pakistan-match-ice-breaker-meet-with-bcci-likely/articleshow/128243190.cms,Dhaka: Bangladesh Cricket Board chief Aminul Islam says he will be in Colombo to watch the India-Pakistan T20 World Cup clash on Sunday where he expects to break ice with the BCCI after tense exchang… [+2498 chars]
"Abhishek Sharma, Bumrah, and now Ishan Kishan: Latest injury update before Namibia and all-important Pakistan T20 match","India's fitness watch continues ahead of their T20 World Cup match against Namibia. Abhishek Sharma has been discharged from hospital after a stomach infection, while Jasprit Bumrah is reportedly ""absolutely fine."" Ishan Kishan also shook off a brief injury s…",The Times of India,2026-02-12T07:22:57Z,https://economictimes.indiatimes.com/news/new-updates/abhishek-sharma-bumrah-and-now-ishan-kishan-latest-injury-update-before-namibia-and-all-important-pakistan-t20-match/articleshow/128242599.cms,"India have a fitness watch going on ahead of their ICC T20 World Cup match against Namibia at the Arun Jaitley Stadium, with updates emerging on Abhishek Sharma, Jasprit Bumrah and Ishan Kishan. Abhi… [+2318 chars]"
"UPSC IES, ISS registration 2026 starts: Check direct link to apply and other details here","The Union Public Service Commission has issued the notification for the Indian Economic Service and Indian Statistical Service Examination 2026, inviting applications through its online portal until March 3, 2026, 6 PM. Candidates must complete registration, …",The Times of India,2026-02-12T07:15:01Z,https://timesofindia.indiatimes.com/education/news/upsc-ies-iss-registration-2026-starts-check-direct-link-to-apply-and-other-details-here/articleshow/128243663.cms,"<ul><li>News</li>
<li>Education News</li>
<li>News</li>
<li>UPSC IES, ISS registration 2026 starts: Check direct link to apply and other details here</li></ul>
Follow Us On Social Media
RDB Cast… [+3317 chars]"
MHT CET 2026 registration deadline extended till this date: Check official notice here,"The MHT CET 2026 registration deadline has been extended to February 20, 2026. This extension applies to MAH-MHT CET for PCM and PCB streams, as well as MAH-MBA/MMS CET. Students can now complete their online applications. Tentative exam dates for MAH-MHT CET…",The Times of India,2026-02-12T07:10:05Z,https://timesofindia.indiatimes.com/education/news/mht-cet-2026-registration-deadline-extended-till-february-20-check-official-notice-here/articleshow/128243143.cms,"Follow Us On Social Media
RDB Cast Reunites After 20 Years in Mumbai, Madhavan Missing From Celebration?Patna: No Arrest in Forced Marriage Case, Rare Snakes, Tourism Push &amp; Shop DemolitionT20 W… [+3153 chars]"
"BPSC TRE 4.0 recruitment 2026: Notification for over 40,000 vacancies to be released soon, check eligibility details","Bihar Public Service Commission is gearing up to release the TRE 4.0 notification soon, announcing over 40,000 teaching vacancies across all levels. Aspiring teachers should monitor the official BPSC website for details on eligibility, application dates, and …",The Times of India,2026-02-12T07:08:51Z,https://timesofindia.indiatimes.com/education/news/bpsc-tre-4-0-recruitment-2026-notification-for-over-40000-vacancies-to-be-released-soon-check-eligibility-details/articleshow/128243521.cms,"<ul><li>News</li>
<li>Education News</li>
<li>News</li>
<li>BPSC TRE 4.0 recruitment 2026: Notification for over 40,000 vacancies to be released soon, check eligibility details</li></ul>
Follow U… [+3344 chars]"
FIA opposes govt's bid to tighten cabin crew fatigue management rules,"The ​pushback from the Federation of Indian Airlines (FIA) on a key Indian government proposal comes after IndiGo, ‌the country's largest airline, cancelled about 4,500 flights in December",Business Standard,2026-02-12T07:05:35Z,https://www.business-standard.com/industry/aviation/fia-opposes-govt-s-bid-to-tighten-cabin-crew-fatigue-management-rules-126021200535_1.html,"A group representing India's top airlines IndiGo and Air India has asked the government to dilute proposed fatigue management rules for cabin crew, warning they could disrupt flight schedules and lim… [+2883 chars]"
Mahindra EV service now comes to your door in Delhi-NCR: Details here,The new touchpoints will support Mahindra’s SUV range and also include a dedicated commercial vehicle service facility in Northwest Delhi. The expansion underscores Mahindra’s focus on customer-centric aftersales support as it scales up operations and prepare…,The Times of India,2026-02-12T07:04:33Z,https://timesofindia.indiatimes.com/auto/cars/mahindra-ev-service-now-comes-to-your-door-in-delhi-ncr-details-here/articleshow/128243188.cms,"Follow Us On Social Media
RDB Cast Reunites After 20 Years in Mumbai, Madhavan Missing From Celebration?Patna: No Arrest in Forced Marriage Case, Rare Snakes, Tourism Push &amp; Shop DemolitionT20 W… [+3153 chars]"
"Nilörn Interim Report Q4, 2025","Period October – December  Order intake increased by 5 per cent to MSEK 251 (238), attributable to a major order of MSEK 18 that was received in the third...",GlobeNewswire,2026-02-12T07:00:00Z,https://www.globenewswire.com/news-release/2026/02/12/3236890/0/en/Nil%C3%B6rn-Interim-Report-Q4-2025.html,"Period October December
<ul><li>Order intake increased by 5 per cent to MSEK 251 (238), attributable to a major order of MSEK 18 that was received in the third quarter last year in the fourth quarte… [+2921 chars]"
2025 Full Year Results,"2025 Full year results  TMICC delivers solid operational performance in 2025 Sales of €7.9 billion, organic sales growth of 4.2%, and volume growth of 1.5%...",GlobeNewswire,2026-02-12T07:00:00Z,https://www.globenewswire.com/news-release/2026/02/12/3236885/0/en/2025-Full-Year-Results.html,"2025 Full year results
TMICC delivers solid operational performance in 2025 Sales of 7.9 billion, organic sales growth of 4.2%, and volume growth of 1.5%
Amsterdam, 12 February 2026
<ul><li>FY 202… [+67681 chars]"
"Man falls from moving train into Vaitarna creek, rescued by railway staff, locals in Mumbai","A 32-year-old man, Uday Wangad, was dramatically rescued from the Vaitarna creek after reportedly falling from a moving train. Alert railway staff and local residents, using a boat, managed to pull him to safety after he clung to a bridge pier for hours. The …",The Times of India,2026-02-12T06:55:57Z,https://timesofindia.indiatimes.com/city/thane/man-falls-from-moving-train-into-vaitarna-creek-rescued-by-railway-staff-locals-in-mumbai/articleshow/128242874.cms,"Follow Us On Social Media
RDB Cast Reunites After 20 Years in Mumbai, Madhavan Missing From Celebration?Patna: No Arrest in Forced Marriage Case, Rare Snakes, Tourism Push &amp; Shop DemolitionT20 W… [+3053 chars]"
Crash safety: Tips to avoid getting hurt by your car’s airbags,"Airbags are vital safety features but can cause injuries if not properly utilized. Always wear your seatbelt and maintain a safe distance from the steering wheel. Passengers should sit upright, and children under 12 should occupy the rear seat to prevent pote…",The Times of India,2026-02-12T06:54:16Z,https://timesofindia.indiatimes.com/auto/advice-centre/crash-safety-tips-to-avoid-getting-hurt-by-your-cars-airbags/articleshow/128242932.cms,"<ul><li>News</li>
<li>Auto News</li>
<li>Crash safety: Tips to avoid getting hurt by your cars airbags</li></ul>
Follow Us On Social Media
RDB Cast Reunites After 20 Years in Mumbai, Madhavan Mis… [+3169 chars]"
"Maharashtra’s Suraksha Smart City to deliver 5,868 PMAY homes in phases","Suraksha Smart City in Vasai is poised to make waves in the Mumbai Metropolitan Region with the launch of 5,868 budget-friendly homes this year as part of the PMAY scheme. Leveraging cutting-edge precast technology, these 1 BHK residences come at ₹22.5 lakh, …",The Times of India,2026-02-12T06:52:33Z,https://timesofindia.indiatimes.com/city/mumbai/maharashtras-suraksha-smart-city-to-deliver-5868-pmay-homes-in-phases/articleshow/128242628.cms,"Follow Us On Social Media
RDB Cast Reunites After 20 Years in Mumbai, Madhavan Missing From Celebration?Patna: No Arrest in Forced Marriage Case, Rare Snakes, Tourism Push &amp; Shop DemolitionT20 W… [+3053 chars]"
TS ICET 2026 registration begins at icet.tgche.in: Direct link to apply here,"The Telangana Integrated Common Entrance Test (TG ICET) 2026 registration is now open for MBA and MCA admissions. The online application process commenced on February 12, 2026, with the last date for submission without a late fee being March 16, 2026. The com…",The Times of India,2026-02-12T06:50:44Z,https://timesofindia.indiatimes.com/education/news/ts-icet-2026-registration-begins-at-icet-tgche-in-direct-link-to-apply-here/articleshow/128241811.cms,"Follow Us On Social Media
Patna: No Arrest in Forced Marriage Case, Rare Snakes, Tourism Push &amp; Shop DemolitionT20 World Cup | Tilak Varma provides update on Abhishek's fitness, mindset during r… [+3092 chars]"
"Air India, IndiGo seek easing of proposed cabin crew fatigue rules","India's top airlines, IndiGo and Air India, are urging the government to ease new fatigue rules for cabin crew. They warn the proposals could disrupt flight schedules and hinder growth. The rules include more rest time and single hotel rooms for crew. Airline…",The Times of India,2026-02-12T06:50:13Z,https://economictimes.indiatimes.com/industry/transportation/airlines-/-aviation/air-india-indigo-seek-easing-of-proposed-cabin-crew-fatigue-rules/articleshow/128242530.cms,"A group representing India's top airlines IndiGo and Air India has asked the government to dilute proposed fatigue management rules for cabin crew, warning they could disrupt flight schedules and lim… [+2704 chars]"
"Fans question Flipkart supporting Namibia ahead of T20 WC match with India, e-comm giant’s reply is now winning 'Big Billion' hearts","Flipkart's sponsorship of the Namibia National Cricket Team for the T20 World Cup 2026 has sparked debate. The e-commerce giant explains its strategy centers on accessibility and value, offering prominent brand visibility at a lower cost.  This move aims to c…",The Times of India,2026-02-12T06:48:09Z,https://economictimes.indiatimes.com/news/new-updates/fans-questions-flipkart-supporting-namibia-ahead-of-t20-wc-match-with-india-e-comm-giants-reply-is-now-winning-big-billion-hearts/articleshow/128241712.cms,"The Namibia National Cricket Team has secured sponsorship from e-commerce major Flipkart for the ICC Men’s T20 World Cup 2026, a move that has generated considerable discussion on social media. As pa… [+1858 chars]"
Bangladesh election could strengthen pivot toward China,"Ousted prime minister Sheikh Hasina prioritised relations with India, but her party is excluded from today’s vote",The Irish Times,2026-02-12T06:47:05Z,https://www.irishtimes.com/world/2026/02/12/bangladesh-election-could-strengthen-pivot-toward-china-and-away-from-india/,"Bangladesh is tilting towards China and away from India, regardless of the outcome of todays election. This makes Washington unhappy.
A strategic shift in South Asia
Todays elections in Bangladesh,… [+3039 chars]"
UPSC opens three-day correction window for CSE 2026 applications: Here’s what aspirants need to know,"UPSC has announced a three-day correction window for CSE 2026 and IFoS 2026 candidates, allowing a one-time opportunity to rectify errors in application forms. Aspirants can update personal details, educational information, category claims, and exam centre pr…",The Times of India,2026-02-12T06:43:00Z,https://timesofindia.indiatimes.com/education/news/upsc-opens-three-day-correction-window-for-cse-2026-applications-heres-what-aspirants-need-to-know/articleshow/128242434.cms,"<ul><li>News</li>
<li>Education News</li>
<li>News</li>
<li>UPSC opens three-day correction window for CSE 2026 applications: Heres what aspirants need to know</li></ul>
Follow Us On Social Media… [+3266 chars]"
Rethink 1991: India can’t become a developed country without a course correction in economic policy,India’s GDP growth has been increasingly jobless since the pro-market policy turn of 1991. GDP fixation needs to end. Our progress dashboard must look beyond that metric to track environmental depletion and gauge the risk of social and political disruptions.,Livemint,2026-02-12T06:30:18Z,https://www.livemint.com/opinion/online-views/rethink-1991-india-developed-country-economic-policy-course-correction-gdp-11770810785177.html,"The general consensus seems to be that the budget for 2026-27 was not bad, but not good enough. Its a safe budget. It didnt rock the boat. It tried to keep the ship on course to Indias goal of increa… [+4437 chars]"
"Bangladesh election: What does it mean for India, China, and Pakistan?","By Deepak Joshi Pokhrel In less than a week, the South Asian nation of Bangladesh will conduct its general election, […]
The post Bangladesh election: What does it mean for India, China, and Pakistan? appeared first on Peoples' Review.",Mypeoplesreview.com,2026-02-12T06:28:00Z,https://mypeoplesreview.com/2026/02/12/bangladesh-election-what-does-it-mean-for-india-china-and-pakistan/,"By Deepak Joshi Pokhrel
In less than a week, the South Asian nation of Bangladesh will conduct its general election, almost two years after a student-led uprising. The two main contesting partiesthe… [+5874 chars]"
"SUVs with maximum features in base trim: Kia Seltos, VW Taigun and more","The entry-level trim features a 10.1-inch touchscreen infotainment system with wired Apple CarPlay and Android Auto, four speakers, LED headlamps and DRLs, additional USB ports, a digital instrument cluster, 60:40 split-folding rear seats with a centre armres…",The Times of India,2026-02-12T06:26:31Z,https://timesofindia.indiatimes.com/auto/cars/suvs-with-maximum-features-in-base-trim-kia-seltos-vw-taigun-and-more/articleshow/127969327.cms,"Follow Us On Social Media
T20 World Cup | Tilak Varma provides update on Abhishek's fitness, mindset during rehabBharat Bandh Today, Bangladesh Elections Begin, Rajpal Yadav Bail Hearing And MoreInd… [+3099 chars]"
Only in Maruti Victoris! 5 features that make it unlike any other Maruti,"Maruti Suzuki's Victoris, the flagship Arena model, has entered the competitive mid-size SUV segment, winning the Indian Car of the Year award for 2026. It boasts exclusive features like a 10.25-inch digital cluster, 8-speaker Infinity sound system with Dolby…",The Times of India,2026-02-12T06:17:55Z,https://timesofindia.indiatimes.com/auto/cars/only-in-maruti-victoris-5-features-that-make-it-unlike-any-other-maruti/articleshow/128239511.cms,"Follow Us On Social Media
Bharat Bandh Today, Bangladesh Elections Begin, Rajpal Yadav Bail Hearing And MoreIndia Reducing Russian Oil Trade: Trump's Aide Claims At Key US Hearing, Moscow Calls Out … [+3084 chars]"
"Vijaya Ekadashi 2026: Date, parana time, puja rituals and significance","Hindus will observe Vijaya Ekadashi on February 13, 2026. This day is dedicated to Lord Vishnu. Devotees will fast to seek blessings and achieve victory. The Ekadashi Tithi begins on February 12, 2026. The fast will be broken on February 14, 2026. This observ…",The Times of India,2026-02-12T05:52:31Z,https://timesofindia.indiatimes.com/religion/rituals-puja/vijaya-ekadashi-2026-date-parana-time-puja-rituals-and-significance/articleshow/128238858.cms,"Follow Us On Social Media
Lucknow: Rs 2,180 Crore Projects, Welfare Budget Hike, Viksit Bharat Milestone Push And MoreNetanyahus Iran Push Crashes as Trump Says No After 3-Hour Meeting, Prioritises … [+1482 chars]"
Cops caught lifting iPhone from mobile store suspended in UP's Jaunpur,Two police constables in Jaunpur have been suspended after being caught on CCTV stealing a high-value iPhone from a mobile store. The duo reportedly swapped a new phone on display with an old one from their pocket while distracting the saleswoman. The theft w…,The Times of India,2026-02-12T05:45:02Z,https://timesofindia.indiatimes.com/city/varanasi/jaunpur-cops-caught-lifting-iphone-from-mobile-store-suspended/articleshow/128239860.cms,"Follow Us On Social Media
Lucknow: Rs 2,180 Crore Projects, Welfare Budget Hike, Viksit Bharat Milestone Push And MoreNetanyahus Iran Push Crashes as Trump Says No After 3-Hour Meeting, Prioritises … [+3103 chars]"
CBSE to introduce on-screen marking for Class 12 from 2026: What it means for students,"CBSE will introduce On-Screen Marking for Class 12 board exams from 2026, replacing manual evaluation with digital assessment of scanned answer sheets. The move aims to reduce totalling errors, speed up checking and improve transparency. While students will c…",The Times of India,2026-02-12T05:38:54Z,https://timesofindia.indiatimes.com/education/news/cbse-to-introduce-on-screen-marking-for-class-12-from-2026-what-it-means-for-students/articleshow/128239490.cms,"Follow Us On Social Media
Lucknow: Rs 2,180 Crore Projects, Welfare Budget Hike, Viksit Bharat Milestone Push And MoreNetanyahus Iran Push Crashes as Trump Says No After 3-Hour Meeting, Prioritises … [+3103 chars]"
Polls open for Bangladesh’s first election since the 2024 uprising that ousted Hasina,Polls have opened across Bangladesh for voters to cast ballots in a parliamentary election seen as a critical test of the country’s democracy after years of political turmoil,Abcnews.com,2026-02-12T05:33:31Z,https://abcnews.com/International/wireStory/polls-open-bangladeshs-election-2024-uprising-ousted-hasina-130084536,"DHAKA, Bangladesh -- Polls opened across Bangladesh on Thursday for voters to cast ballots in a parliamentary election seen as a critical test of the countrys democracy after years of political turmo… [+3839 chars]"
Ormax Chief On Revival Of Hindi & Hollywood Films At India Box Office; Upcoming ‘Toxic’ & ‘Dhurandhar 2’ Clash,"After a few years in which South Indian films have been taking most of the headlines at the Indian box office, Hindi cinema had a reprieve in 2025, clocking up its biggest year ever, with an 18% increase in total box office to $609.78M (Rs55BN), according to …",Deadline,2026-02-12T05:18:58Z,http://deadline.com/2026/02/dhurandhar-2-toxic-india-box-office-ormax-media-1236715496/,"After a few years in which South Indian films have been taking most of the headlines at the Indian box office, Hindi cinema had a reprieve in 2025, clocking up its biggest year ever, with an 18% incr… [+7882 chars]"
Why should you avoid bringing shoes inside your house as per Vastu?,"Vastu Shastra advises keeping shoes outside the house to prevent the entry of negative energies, dirt, and impurities. Bringing shoes indoors can block positive energy flow, pollute sacred zones like the kitchen, fuel conflicts, and invite poverty and illness…",The Times of India,2026-02-12T04:51:11Z,https://timesofindia.indiatimes.com/astrology/vastu-feng-shui/why-should-you-avoid-bringing-shoes-inside-your-house-as-per-vastu/articleshow/128213990.cms,"Follow Us On Social Media
Russia Hits Ukraine Capital With Ballistic Missiles, Drones Follow As Kyiv Freezes In DarknessDid India Attack Kirana Hills In Pakistan? IAF Vice Chief Clarifies Op Sindoor… [+3192 chars]"
Daily Briefing: Bangladesh goes to first parliamentary polls after Sheikh Hasina’s ouster,In today's edition: Chargesheet in contaminated cough syrup deaths in MP; Sanjaya Baru opinion; what and why India needs to learn from Australia's batsmen; and more,The Indian Express,2026-02-12T04:14:04Z,https://indianexpress.com/article/live-news/daily-briefing-bangladesh-elections-top-news-today-10527837/,"Birthday of a new Bangladesh: In one of its most consequential elections in Bangladeshs history, voters are hopeful for a free and fair poll this time, given that the last two elections in 2018 and 2… [+7712 chars]"
"Not just HCs, CJI nudges Supreme Court judges on delayed verdicts","India News: NEW DELHI: Amid mounting unease of SC over the practice of judges inordinately delaying pronouncing verdicts reserved by them, a two-judge bench of ap.",The Times of India,2026-02-12T03:04:30Z,https://timesofindia.indiatimes.com/india/not-just-hcs-cji-nudges-supreme-court-judges-on-delayed-verdicts/articleshow/128235297.cms,"<ul><li>News</li>
<li>India News</li>
<li>Not just HCs, CJI nudges Supreme Court judges on delayed verdicts</li></ul>
Follow Us On Social Media
Trump All Over Epstein Files: Pam Bondi Shows No Me… [+3046 chars]"
"UP woman constable ditches cop fiance hours before wedding, elopes with history-sheeter","A constable's wedding plans were disrupted when she vanished the night before her marriage. Her father alleged abduction by a history-sheeter. However, the bride was found and stated she left on her own. The groom has called off the wedding. The bride remains…",The Times of India,2026-02-12T02:01:18Z,https://timesofindia.indiatimes.com/city/meerut/woman-constable-ditches-cop-fiance-hours-before-wedding-elopes-with-history-sheeter/articleshow/128219423.cms,"Follow Us On Social Media
Sydney Streets Erupt As Pro-Palestinian Protesters Confront Police Over Israeli Presidents TripSydney Streets Erupt As Pro-Palestinian Protesters Confront Police Over Israe… [+3247 chars]"
Bangladesh set for historic polls,Hopes for a free and fair voting — especially since the last elections in 2018 and 2024 faced allegations of widespread rigging by the Awami League — is driving the mood on the streets of Dhaka.,The Indian Express,2026-02-12T02:00:08Z,https://indianexpress.com/article/world/bangladesh-set-for-historic-polls-10527596/,"Amid a heavy security blanket, Bangladesh goes to polls in one of the most consequential elections in the countrys history on Thursday, a year-and-half after massive student and political protests le… [+2480 chars]"
"FM Nirmala Sitharaman cites data centre sops, rejects Opposition claims on India data flow and trade deal in Lok Sabha","Nirmala Sitharaman said the Budget incentivises local data centres, rejecting Rahul Gandhi’s charge that India’s data was being opened to the US. She accused Congress of compromising farmers, the poor and national interests.",The Times of India,2026-02-12T00:30:00Z,https://economictimes.indiatimes.com/news/india/fm-nirmala-sitharaman-cites-data-centre-sops-rejects-opposition-claims-on-india-data-flow-and-trade-deal-in-lok-sabha/articleshow/128221954.cms,"New Delhi: The budget proposes to incentivise local data centres, finance minister Nirmala Sitharaman said on Wednesday. She rejected Congress leader Rahul Gandhi's allegations that Prime Minister Na… [+4182 chars]"
"Sitharaman counters LoP on farmers, food security & data","“If Congress had its way, Indian farmers would have been on the streets. They are the ones selling Indian farmers,” she said.",The Indian Express,2026-02-12T00:00:49Z,https://indianexpress.com/article/india/sitharaman-counters-lop-rahul-gandhi-on-farmers-food-security-data-10527492/,"Hours after Leader of Opposition Rahul Gandhi targeted the government over the India-US trade deal, Union Finance Minister Nirmala Sitharaman, while defending provisions of the Union Budget, hit back… [+4587 chars]"
Plea in SC for FIR against Assam CM Himanta for hate speech,"India News: NEW DELHI: Bringing to SC’s notice various instances of Assam CM Himanta Biswa Sarma’s alleged hate speeches, including a recent controversial video f.",The Times of India,2026-02-12T00:00:07Z,https://timesofindia.indiatimes.com/india/plea-in-sc-for-fir-against-assam-cm-himanta-for-hate-speech/articleshow/128230524.cms,"<ul><li>News</li>
<li>India News</li>
<li>Plea in SC for FIR against Assam CM Himanta for hate speech</li></ul>
Follow Us On Social Media
Sydney Streets Erupt As Pro-Palestinian Protesters Confro… [+3376 chars]"
Did a 19th-century freemason really predict World War 3 between Islam and Zionism?,"The “Pike letter,” allegedly written in 1871, is said to predict three world wars: the first to topple empires and establish communism, the second to defeat fascism and pave the way for Israel, and a third future conflict between Western and Islamic powers, l…",The Times of India,2026-02-12T00:00:00Z,https://timesofindia.indiatimes.com/etimes/trending/the-myth-of-albert-pike-did-a-19th-century-freemason-really-predict-world-war-3-between-islam-and-zionism/articleshow/128155954.cms,"<ul><li>News</li>
<li>lifestyle</li>
<li>trending</li>
<li>The myth of Albert Pike: Did a 19th-century freemason really predict World War 3 between Islam and Zionism?</li></ul>
Follow Us On Socia… [+2066 chars]"
Kalyan-Dombivli Municipal Corporation seals offices of Titawala school over non-payment of Rs 1.3 crore property tax arrears,Kalyan: The tax department of Kalyan-Dombivli Municipal Corporation (KDMC) on Tuesday sealed the offices of G R Patil School and Junior College in Tit.,The Times of India,2026-02-11T23:57:00Z,https://timesofindia.indiatimes.com/city/mumbai/kalyan-dombivli-municipal-corporation-seals-offices-of-titawala-school-over-non-payment-of-rs-1-3-crore-property-tax-arrears/articleshow/128222149.cms,"<ul><li>News</li>
<li>City News</li>
<li>mumbai News</li>
<li>Kalyan-Dombivli Municipal Corporation seals offices of Titawala school over non-payment of Rs 1.3 crore property tax arrears</li></ul>… [+3462 chars]"
"Ahead of polls, Stalin rules out coalition govt with Congress","India News: CHENNAI: Tamil Nadu CM M K Stalin Wednesday ruled out the possibility of a coalition govt in the state, a suggestion being voiced by Congress netas ah.",The Times of India,2026-02-11T23:54:05Z,https://timesofindia.indiatimes.com/india/ahead-of-polls-stalin-rules-out-coalition-govt-with-congress/articleshow/128230540.cms,"<ul><li>News</li>
<li>India News</li>
<li>Ahead of polls, Stalin rules out coalition govt with Congress</li></ul>
Follow Us On Social Media
Sydney Streets Erupt As Pro-Palestinian Protesters Conf… [+3378 chars]"
Olympic medals today: What's the 2026 medal count after Feb. 11 events?,Catch up with all the 2026 Winter Olympics medals handed after the conclusion of events on Feb. 11.,USA Today,2026-02-11T22:51:47Z,https://www.usatoday.com/story/sports/olympics/2026/02/11/winter-olympics-medal-count-after-feb-11/88632729007/,"Another day of competition is in the books at the 2026 Milano Cortina Winter Olympics.Athletes from more than 90 countries are battling in 116 events over 16 days, and USA TODAY is keeping a tally of… [+10098 chars]"
Bangladesh Holds Most Consequential Election in Years,The first vote since Prime Minister Sheikh Hasina’s ouster favors a dynastic party but could see the Islamists rise.,Foreign Policy,2026-02-11T22:31:43Z,http://foreignpolicy.com/2026/02/11/bangladesh-election-consequential-hasina-jamaat-islamist/,"Welcome to Foreign Policys South Asia Brief.
The highlights this week: Bangladesh holds its first election since the ouster of longtime Prime Minister Sheikh Hasina, Islamabad grapples with the afte… [+8833 chars]"
The 50: Khanzaadi gets voted out from the show; leaves the house after an ugly clash with Chahat Pandey,"In the gripping latest episode of 'The 50', tensions soared as Khanzaadi's journey came to an unexpected end, following a nail-biting bottom two showdown against Aarya. The drama escalated during a fiercely contested task that ultimately led to shocking team …",The Times of India,2026-02-11T22:19:11Z,https://timesofindia.indiatimes.com/tv/news/hindi/the-50-khanzaadi-gets-voted-out-from-the-show-leaves-the-house-after-an-ugly-clash-with-chahat-pandey/articleshow/128227189.cms,"<ul><li>News</li>
<li>tv</li>
<li>hindi</li>
<li>The 50: Khanzaadi gets voted out from the show; leaves the house after an ugly clash with Chahat Pandey</li></ul>
Follow Us On Social Media
'Bord… [+2067 chars]"
Bangladesh's political crossroads: an election guide,"The Muslim-majority nation of 170 million people, with 127 million voters, goes to the polls Thursday for the firest time since the uprising, electing 350 lawmakers to parliament.

There are more than 51 parties, and more than 2,000 candidates.

Here are the …",FRANCE 24 English,2026-02-11T21:37:15Z,https://www.france24.com/en/live-news/20260211-bangladesh-s-political-crossroads-an-election-guide,"The Muslim-majority nation of 170 million people, with 127 million voters, goes to the polls Thursday for the firest time since the uprising, electing 350 lawmakers to parliament.
There are more tha… [+3077 chars]"
Two Foreign Nationals Indicted in Chicago as Part of $10M Health Care Fraud Scheme,"Two foreign nationals participated in a $10 million scheme to fraudulently bill Medicare and private insurers for nonexistent health care services, according to an indictment returned in federal court in Chicago.",Justice.gov,2026-02-11T21:01:48Z,https://www.justice.gov/opa/pr/two-foreign-nationals-indicted-chicago-part-10m-health-care-fraud-scheme,"Two foreign nationals participated in a $10 million scheme to fraudulently bill Medicare and private insurers for nonexistent health care services, according to an indictment returned in federal cour… [+4458 chars]"
"As Bangladesh Votes, Few Women Are on the Ballot","Parties failed to meet a modest commitment to field more female candidates, despite the leading role of women in the 2024 protest movement.",Foreign Policy,2026-02-11T20:33:14Z,http://foreignpolicy.com/2026/02/11/bangladesh-election-few-women-ballot-bnp-jamaat-islami/,"Last month, as I walked from the stately offices of the International Crimes Tribunal at Dhakas Old High Court building to the Shilpakala Academy, I passed a raucous procession cheering a candidate f… [+11104 chars]"
"Sortable table: Religious diversity by country, 2010-2020","This sortable table shows religious diversity scores for countries and territories in 2010 and 2020.
The post Sortable table: Religious diversity by country, 2010-2020 appeared first on Pew Research Center.",Pew Research Center,2026-02-11T19:13:57Z,http://www.pewresearch.org/religion/2026/02/11/sortable-table-religious-diversity-by-country-2010-2020/,"The sortable table below shows the Religious Diversity Index (RDI) score for each country and territory included in our study, along with its corresponding diversity level in 2010 and 2020. It also d… [+37163 chars]"
T20 World Cup illness and injury worries for India as they hope for a smoother ride with bat,"Ahead of India’s second T20 World Cup match against Namibia, team concerns center more on player fitness than the opposition. Abhishek Sharma has rejoined after a stomach bug, Washington Sundar is back from a side strain, and Jasprit Bumrah has recovered from…",The Times of India,2026-02-11T19:07:22Z,https://economictimes.indiatimes.com/news/sports/t20-world-cup-illness-and-injury-worries-for-india-as-they-hope-for-a-smoother-ride-with-bat/articleshow/128222345.cms,"In the lead-up to Indias second match of the T20 World Cup against Namibia, illness and injuries have occupied more mind space than oppositions batters or bowlers. Thats not to suggest that Indian te… [+3962 chars]"
Armed forces likely to see big-ticket approvals at DAC meet on Thursday,"DAC may consider ₹2.7 trillion Rafale deal, Scalp missiles and other key Army, Navy and Air Force acquisitions at upcoming meet",Business Standard,2026-02-11T18:45:26Z,https://www.business-standard.com/external-affairs-defence-security/news/armed-forces-likely-to-see-big-ticket-approvals-at-dac-meet-on-thursday-126021101606_1.html,"(File photo: PTI)
Satarupa Bhattacharjya
The armed forces seem to be looking to receive clearance for a number of purchases, large and small, by the Defence Acquisition Council (DAC), chaired by De… [+1689 chars]"
"Indo-US trade deal handed over India’s data, hurt farmers: Rahul Gandhi",Rahul Gandhi criticised the Indo-US trade deal in Lok Sabha. He called it a 'wholesale surrender' and a 'tragedy'. Gandhi stated the Prime Minister failed to use India's key assets like data and human resources. He claimed the government buckled under US pres…,The Times of India,2026-02-11T18:34:06Z,https://economictimes.indiatimes.com/news/politics-and-nation/indo-us-trade-deal-handed-over-indias-data-hurt-farmers-rahul-gandhi/articleshow/128220686.cms,"New Delhi: Leader of the Opposition Rahul Gandhi on Wednesday alleged in the Lok Sabha that the Indo-US trade deal was a ""wholesale surrender"" and a ""tragedy"" and claimed that the PM has failed to le… [+2681 chars]"
"Jharkhand Expands Micro-Lift Irrigation, Boosts Women-Led Livelihoods","Jharkhand is expanding micro-lift irrigation projects to 50 blocks, boosting women-led livelihoods and horticulture output. The state government will also directly link self-help groups to supply chains for products like sanitary napkins and milk, creating st…",The Times of India,2026-02-11T18:32:38Z,https://timesofindia.indiatimes.com/city/ranchi/jharkhand-expands-micro-lift-irrigation-boosts-women-led-livelihoods/articleshow/128221203.cms,"Follow Us On Social Media
The Mole On Your Palm Holds A Fortune Clue? Pawan Sinha Reveals The Luck ConnectionThey Broke My Door Down: Detained Man Speaks Out After Release in Nancy Guthrie CaseAkhil… [+1384 chars]"
3 TSPC members arrested in Latehar,"Authorities made a significant move by arresting three members of the Tritya Sammelan Prastuti Committee (TSPC) in Latehar district, where they uncovered weapons and other damning evidence. Notably, Adesh Ganjhu, a high-profile fugitive with a Rs 50,000 price…",The Times of India,2026-02-11T18:31:33Z,https://timesofindia.indiatimes.com/city/ranchi/3-tspc-members-arrested-in-latehar/articleshow/128221051.cms,"Follow Us On Social Media
The Mole On Your Palm Holds A Fortune Clue? Pawan Sinha Reveals The Luck ConnectionThey Broke My Door Down: Detained Man Speaks Out After Release in Nancy Guthrie CaseAkhil… [+1384 chars]"
Customs returns 35 kirpans and relics to Sikh community,"Mumbai: Airport customs authorities in Marol on Wednesday handed over 35 Sikh religious items, including kirpans, which were confiscated from passenge.",The Times of India,2026-02-11T18:31:00Z,https://timesofindia.indiatimes.com/city/mumbai/customs-returns-35-kirpans-and-relics-to-sikh-community/articleshow/128219409.cms,"Follow Us On Social Media
The Mole On Your Palm Holds A Fortune Clue? Pawan Sinha Reveals The Luck ConnectionThey Broke My Door Down: Detained Man Speaks Out After Release in Nancy Guthrie CaseAkhil… [+1384 chars]"
"For first time, ISL clubs show faith in domestic coaches",Panaji: The top-tier Indian Super League (ISL) will have four domestic coaches at the helm for the first time this season. But while that signifies in.,The Times of India,2026-02-11T18:30:47Z,https://timesofindia.indiatimes.com/city/goa/for-first-time-isl-clubs-show-faith-in-domestic-coaches/articleshow/128221133.cms,"Follow Us On Social Media
The Mole On Your Palm Holds A Fortune Clue? Pawan Sinha Reveals The Luck ConnectionThey Broke My Door Down: Detained Man Speaks Out After Release in Nancy Guthrie CaseAkhil… [+1384 chars]"
"Ranchi Transport Overhaul: Metro, Flyovers & Road Upgrades Proposed to Centre","Ranchi is poised for a major transport overhaul with a comprehensive mobility plan submitted to the Centre. The proposal includes 160 km of road upgrades, nine flyovers, and the ambitious development of three metro corridors spanning 51 km. Enhancements to pe…",The Times of India,2026-02-11T18:29:38Z,https://timesofindia.indiatimes.com/city/ranchi/ranchi-transport-overhaul-metro-flyovers-road-upgrades-proposed-to-centre/articleshow/128221099.cms,"Follow Us On Social Media
The Mole On Your Palm Holds A Fortune Clue? Pawan Sinha Reveals The Luck ConnectionThey Broke My Door Down: Detained Man Speaks Out After Release in Nancy Guthrie CaseAkhil… [+1384 chars]"
"Ranchi Youth Drug Abuse Crisis: Wards 22, 23, 24 Grapple with Open Narcotic Trade","Drug abuse is a serious issue affecting youths and minors in Ranchi's wards 22, 23, and 24. Residents report open sales of narcotics, with many families impacted. The problem fuels fears of rising petty crime. Police conduct raids, but the menace persists. Lo…",The Times of India,2026-02-11T18:27:56Z,https://timesofindia.indiatimes.com/city/ranchi/ranchi-youth-drug-abuse-crisis-wards-22-23-24-grapple-with-open-narcotic-trade/articleshow/128221029.cms,"Follow Us On Social Media
The Mole On Your Palm Holds A Fortune Clue? Pawan Sinha Reveals The Luck ConnectionThey Broke My Door Down: Detained Man Speaks Out After Release in Nancy Guthrie CaseAkhil… [+1384 chars]"
Pahari Temple Ranchi Hosts Grand Haldi-Mehendi & Sangeet Ahead of Mahashivratri,"Ranchi's Pahari Temple buzzed with devotion for Lord Shiva's wedding celebrations ahead of Mahashivratri. A grand haldi-mehendi and sangeet ceremony, conducted with Vedic rituals, marked a spiritual prelude to the annual Shiv Barat. The event aimed to foster …",The Times of India,2026-02-11T18:27:34Z,https://timesofindia.indiatimes.com/city/ranchi/pahari-temple-ranchi-hosts-grand-haldi-mehendi-sangeet-ahead-of-mahashivratri/articleshow/128221015.cms,"Follow Us On Social Media
The Mole On Your Palm Holds A Fortune Clue? Pawan Sinha Reveals The Luck ConnectionThey Broke My Door Down: Detained Man Speaks Out After Release in Nancy Guthrie CaseAkhil… [+1384 chars]"
Ranchi Tribal Land Demolition: 11 Houses Razed After High Court Order,"Ranchi witnessed protests as residents demonstrated against the demolition of 11 houses on tribal land. Locals claim they resided there for decades, having paid for the plots, but the district administration, acting on a Jharkhand High Court order, evicted th…",The Times of India,2026-02-11T18:26:42Z,https://timesofindia.indiatimes.com/city/ranchi/ranchi-tribal-land-demolition-11-houses-razed-after-high-court-order/articleshow/128220979.cms,"Follow Us On Social Media
The Mole On Your Palm Holds A Fortune Clue? Pawan Sinha Reveals The Luck ConnectionThey Broke My Door Down: Detained Man Speaks Out After Release in Nancy Guthrie CaseAkhil… [+1384 chars]"
ECI team to visit Assam on Feb 17 & 18,"In an important step for the state's electoral process, the Election Commission of India is set to convene in Assam on February 17-18. This visit aims to evaluate the readiness for the upcoming polls, paving the way for the announcement of election dates.",The Times of India,2026-02-11T18:26:35Z,https://timesofindia.indiatimes.com/city/guwahati/eci-team-to-visit-assam-on-feb-17-18/articleshow/128220931.cms,"Follow Us On Social Media
The Mole On Your Palm Holds A Fortune Clue? Pawan Sinha Reveals The Luck ConnectionThey Broke My Door Down: Detained Man Speaks Out After Release in Nancy Guthrie CaseAkhil… [+1384 chars]"
"Mirabag villagers demand public consultation, protest continues","Mirabag residents continue their protest against the proposed 50 MLD bandhara project, demanding public consultation and voicing concerns over environmental impact.",The Times of India,2026-02-11T18:26:22Z,https://timesofindia.indiatimes.com/city/goa/mirabag-villagers-demand-public-consultation-protest-continues/articleshow/128220926.cms,"Follow Us On Social Media
The Mole On Your Palm Holds A Fortune Clue? Pawan Sinha Reveals The Luck ConnectionThey Broke My Door Down: Detained Man Speaks Out After Release in Nancy Guthrie CaseAkhil… [+1384 chars]"
Ranchi Vendors Protest RMC Shop Reshuffling Order at Atal Smriti Market,"Shopkeepers at Ranchi's Atal Smriti Vendor Market protested against the Municipal Corporation's reshuffling order, fearing disruption to their businesses. Vendors claim the reallocation of vacant shops lacked transparency, impacting their established customer…",The Times of India,2026-02-11T18:26:04Z,https://timesofindia.indiatimes.com/city/ranchi/ranchi-vendors-protest-rmc-shop-reshuffling-order-at-atal-smriti-market/articleshow/128220840.cms,"Follow Us On Social Media
The Mole On Your Palm Holds A Fortune Clue? Pawan Sinha Reveals The Luck ConnectionThey Broke My Door Down: Detained Man Speaks Out After Release in Nancy Guthrie CaseAkhil… [+1384 chars]"
