title,description,source,published_at,url,content
"RRB JE, DMS, CMA 2026 city intimation slip released: Direct link on regional websites, check how to download","Railway Recruitment Boards have released the City Intimation Slip for Junior Engineer, Depot Material Supervisor, and Chemical & Metallurgical Assistant recruitment under CEN 05/2025. This slip informs candidates about their exam city, tentative date, and shi…",The Times of India,2026-02-10T15:23:08Z,https://timesofindia.indiatimes.com/education/news/rrb-je-dms-cma-2026-city-intimation-slip-released-direct-link-on-regional-websites-check-how-to-download/articleshow/128165273.cms,"<ul><li>News</li>
<li>Education News</li>
<li>News</li>
<li>RRB JE, DMS, CMA 2026 city intimation slip released: Direct link on regional websites, check how to download</li></ul>
Follow Us On Soc… [+1404 chars]"
Gist of The Hindu : JANUARY-2026,Gist of The Hindu: JANUARY-2026,Iasexamportal.com,2026-02-10T15:21:57Z,https://iasexamportal.com/the-gist/the-hindu-january-2026,"Gist of The Hindu: JANUARY-2026
The Hindu Current Affairs Week-1  (Free Available)
The Hindu Current Affairs Week-2  (Only For The Subscribed Members)
The Hindu Current Affairs Week-3  (Only For T… [+36405 chars]"
India under pressure to toe US line on oil,"India has insisted it would buy the cheapest crude, but with US pressure to cut Russian purchases it is being pushed towards costlier oil",BusinessLine,2026-02-10T15:18:09Z,https://www.thehindubusinessline.com/opinion/india-under-pressure-to-toe-us-line-on-oil/article70616518.ece,Joe Biden never thumped his chest and demanded that India immediately halt buying Russian crude oil. He understood that forcing large volumes of oil off the global market risked a price shock that co… [+4830 chars]
India-Pakistan match on as Pak govt withdraws boycott,"AGENCY ISLAMABAD/DHAKA: The India-Pakistan match in the T20 World Cup will go ahead as scheduled after Pakistan’s government decided to withdraw its boycott call following persuasion from Bangladesh and Sri Lanka, ending an impasse that cast a shadow on the o…",Statetimes.in,2026-02-10T15:05:30Z,https://statetimes.in/india-pakistan-match-on-as-pak-govt-withdraws-boycott/,"AGENCY
ISLAMABAD/DHAKA: The India-Pakistan match in the T20 World Cup will go ahead as scheduled after Pakistan’s government decided to withdraw its boycott call following persuasion from Bangladesh… [+1184 chars]"
What Foreign Policy Options Does Pakistan Have After the India-US Trade Deal?,"The most likely one is that Pakistan carefully recalibrates from its hitherto disproportionate dependence on the US back to China, albeit without worsening ties with the US, and then balances China with Turkiye as co-patrons.

To read this article in …
The po…",Globalresearch.ca,2026-02-10T14:25:22Z,https://www.globalresearch.ca/foreign-policy-options-pakistan-indo-us-trade-deal/5915337,"The most likely one is that Pakistan carefully recalibrates from its hitherto disproportionate dependence on the US back to China, albeit without worsening ties with the US, and then balances China w… [+4590 chars]"
Jamaat-e-Islami’s olive branch to India runs contrary to its track record,Bangladesh’s biggest radical party ran anti-India campaign for decades,The Times of India,2026-02-10T14:19:19Z,https://economictimes.indiatimes.com/news/international/world-news/jamaat-e-islamis-olive-branch-to-india-runs-contrary-to-its-track-record/articleshow/128162987.cms,Bangladesh's biggest radical outfit Jamaat-e-Islami may have sent an olive branch to India ahead of Thursdays elections seeking to repair ties but its history of anti-Indian campaigns and actions sin… [+2116 chars]
Islamists gain ground as Bangladesh gears up for elections,"As old political alliances fracture and constitutional debates intensify, an unprecedented Islamist alliance is reshaping the country's electoral landscape. Bangladesh heads to the polls on February 12 in an election unlike any in its recent history. 

With t…",DW (English),2026-02-10T14:13:00Z,https://www.dw.com/en/islamists-gain-ground-as-bangladesh-gears-up-for-elections/a-75895839,"Bangladesh heads to the polls on February 12 in an election unlike any in its recent history.  
With the longdominant Awami League (AL) barred from participating, an Islamist alliance, strengthened … [+9980 chars]"
"India jumps 5 places on Corruption Perceptions Index (CPI) 2025, holds 91st rank",India has climbed to the 91st position on the Corruption Perceptions Index 2025. The nation's score has seen a slight increase. The report highlights global challenges in combating corruption. It also notes that India is among countries considered dangerous f…,The Times of India,2026-02-10T14:12:05Z,https://economictimes.indiatimes.com/news/india/india-jumps-5-places-on-corruption-perceptions-index-cpi-2025-holds-91st-rank/articleshow/128162765.cms,New Delhi: India climbed five places to the 91st position out of 182 countries and territories on the Corruption Perceptions Index (CPI) 2025 released on Tuesday.India's score has gone up by one poin… [+3115 chars]
Integrated microbiomics and metabolomics analysis reveals distinct profiles in carbapenem-resistant Acinetobacter baumannii and Escherichia coli infections in Pancreatitis-associated sepsis,Background Pancreatitis-associated sepsis (PAS) caused by carbapenem-resistant bacteria poses significant clinical challenges. The objective of this research was to examine the microbial and metabolic profiles of individuals with carbapenem-resistant Acinetob…,Plos.org,2026-02-10T14:00:00Z,https://journals.plos.org/plosone/article?id=10.1371/journal.pone.0340895,"Abstract
Background
Pancreatitis-associated sepsis (PAS) caused by carbapenem-resistant bacteria poses significant clinical challenges. The objective of this research was to examine the microbial a… [+46630 chars]"
Russian minister Lavrov pulls up US for dictating India over oil; accuses Washington’s coercive tactics,"India is prioritizing energy security through BRICS, according to Russia's Foreign Minister Sergei Lavrov.  Despite US pressure, New Delhi aims to secure its energy needs. Russia pledges support for India's BRICS chairmanship, highlighting its focus on counte…",The Times of India,2026-02-10T13:42:41Z,https://economictimes.indiatimes.com/news/india/lavrov-pulls-up-us-for-dictating-india-over-oil-accuses-washingtons-coercive-tactics/articleshow/128161600.cms,Russian foreign minister Sergei Lavrov has noted that there are ongoing efforts to prevent countries like India from purchasing Russian oil but pointed out that New Delhi wants to work on energy secu… [+3062 chars]
"Nepal stagnates in corruption control, scores 34 in CPI 2025","KATHMANDU: Nepal has scored 34 points in the Corruption Perceptions Index (CPI) 2025, released by Transparency International Nepal (TI Nepal), remaining unchanged from last year and indicating a lack of significant progress in controlling corruption. Covering…",Khabarhub.com,2026-02-10T13:15:14Z,https://english.khabarhub.com/2026/10/534557/,"KATHMANDU: Nepal has scored 34 points in the Corruption Perceptions Index (CPI) 2025, released by Transparency International Nepal (TI Nepal), remaining unchanged from last year and indicating a lack… [+3250 chars]"
"T20 World Cup: Seifert, Allen set world record with 175-run partnership",Seifert and Allen surpass Hales and Buttler's record of an unbeaten 170-run stand set back in 2022.,Business Standard,2026-02-10T12:54:17Z,https://www.business-standard.com/cricket/icc-t20-world-cup/t20-world-cup-seifert-allen-set-world-record-with-175-run-partnership-126021001383_1.html,"Seifert and Allen surpass Hales and Buttler's record of an unbeaten 170-run stand set back in 2022.
New Zealand beat UAE by 10 wickets courtesy of the record run stand by Allen and Seifert
Shashwat… [+2545 chars]"
"UPSC Key: India-Seychelles relations, PMKVY, and NUDGE campaign","How is knowing about the potential impact of the US trade deal on India’s feed market relevant to the UPSC exam? What significance do topics such as the India-Greece relations, the PM CARES Fund, and RoW Corridors have for both the Preliminary and Main examin…",The Indian Express,2026-02-10T12:50:40Z,https://indianexpress.com/article/upsc-current-affairs/upsc-key-india-seychelles-relations-pmkvy-nudge-campaign-10524716/,"Preliminary Examination: Current events of national and international importance.Mains Examination: General Studies-II: Bilateral, regional and global groupings and agreements involving India and/or … [+42897 chars]"
Corruption Perception Index: India ranks 91st among 182 nations; scores 39,"The Corruption Perceptions Index, first released in 1995, is used to assess public sector corruption worldwide. It evaluates 182 countries and territories using data from 13 external sources",Business Standard,2026-02-10T12:43:24Z,https://www.business-standard.com/world-news/corruption-perception-index-india-ranks-91st-among-182-nations-scores-39-126021001355_1.html,"The Corruption Perceptions Index, first released in 1995, is used to assess public sector corruption worldwide. It evaluates 182 countries and territories using data from 13 external sources
Represe… [+3531 chars]"
Pakistan vs USA LIVE SCORE T20 World Cup 2026: Can USA repeat history again? Toss at 6:30 PM IST,"Pakistan will be feeling confident after their win, however the memories of the shock defeat to the USA in the 2024 T20 World Cup would still linger in their minds.",Business Standard,2026-02-10T12:28:56Z,https://www.business-standard.com/cricket/icc-t20-world-cup/icc-t20-world-cup-2026-pakistan-vs-usa-live-score-updates-pak-vs-usa-full-scorecard-highlights-126021001009_1.html,"Pakistan will be feeling confident after their win, however the memories of the shock defeat to the USA in the 2024 T20 World Cup would still linger in their minds.
Pakistan vs USA T20 World Cup liv… [+2841 chars]"
T20 WC 2026: Can USA beat Pakistan again in the T20 World Cup?,"Pakistan vs USA Live Score, T20 World Cup 2026: The Pakistan versus USA clash arrives with a sense of unpredictability that has defined the early sta",The Times of India,2026-02-10T12:21:23Z,https://timesofindia.indiatimes.com/sports/cricket/pakistan-vs-united-states-of-america-live-score-today-icc-t20-world-cup-2026-match-pak-vs-usa-live-scorecard-updates/liveblog/128158660.cms,"Pakistan vs USA Live Score, T20 World Cup 2026: The Pakistan versus USA clash arrives with a sense of unpredictability that has defined the early stages of the T20 World Cup. Both sides could easily … [+1751 chars]"
Why did Pakistan end its India boycott at T20 World Cup?,Al Jazeera explains how one player’s removal from a franchise led to the biggest cricket crisis in recent years.,Al Jazeera English,2026-02-10T12:12:18Z,https://www.aljazeera.com/sports/2026/2/10/why-did-pakistan-end-its-india-boycott-at-t20-world-cup,"After more than a week of deadlock, negotiations and meetings, Pakistan has agreed to end its boycott of the match against India at the T20 World Cup, bringing an end to one of the biggest crises in … [+2875 chars]"
Concessions given to PCB by ICC for ending boycott will be made public post T20WC: Sources,The International Cricket Council will reveal concessions for the Pakistan Cricket Board after the T20 World Cup. This comes after Pakistan ended its boycott of the match against India. The ICC has also confirmed Bangladesh Cricket Board will face no sanction…,The Times of India,2026-02-10T12:02:28Z,https://economictimes.indiatimes.com/news/sports/concessions-given-to-pcb-by-icc-for-ending-boycott-will-be-made-public-post-t20wc-sources/articleshow/128157817.cms,Karachi: The ICC has promised a few concessions to the Pakistan Cricket Board (PCB) for ending its boycott of the India game but those will only be announced after the conclusion of the T20 World Cup… [+2583 chars]
India vs Pakistan: Be ready to shell out at least ₹1 lakh for Colombo trip,"The match will begin at 7 pm on Sunday, February 15, after Pakistan earlier this week ended its boycott of the fixture, clearing uncertainty around the clash",Business Standard,2026-02-10T10:52:44Z,https://www.business-standard.com/cricket/icc-t20-world-cup/india-vs-pakistan-t20-world-cup-match-travel-expense-colombo-sri-lanka-126021001005_1.html,"The match will begin at 7 pm on Sunday, February 15, after Pakistan earlier this week ended its boycott of the fixture, clearing uncertainty around the clash
Return flight prices from Colombo on Feb… [+3372 chars]"
Islamist leader rises from obscurity to challenge for Bangladesh's top job,"Shafiqur Rahman, Jamaat-e-Islami's chief, has emerged as a significant contender for Bangladesh's prime minister after decades on the political fringe. Capitalizing on a post-uprising vacuum, Rahman has revitalized the once-banned party, presenting it as a mo…",The Times of India,2026-02-10T10:52:24Z,https://economictimes.indiatimes.com/news/international/world-news/islamist-leader-rises-from-obscurity-to-challenge-for-bangladeshs-top-job/articleshow/128155076.cms,"DHAKA: Shafiqur Rahman has long been on the margins of Bangladeshi politics, but his bearded face now appears on posters and billboards across Dhaka, urging voters to elect the country's first Islami… [+4599 chars]"
Thank ICC for this amicable solution to Pakistan impasse: Rajeev Shukla,"BCCI vice-president Rajeev Shukla on Tuesday praised the International Cricket Council (ICC) for ""finding a very good solution"" that prompted Pakistan to withdraw its boycott of the T20 World Cup match against India.
The high-profile India-Pakistan match on F…",Business Standard,2026-02-10T10:49:24Z,https://www.business-standard.com/cricket/icc-t20-world-cup/thank-icc-for-this-amicable-solution-to-pakistan-impasse-rajeev-shukla-126021000508_1.html,"BCCI vice-president Rajeev Shukla on Tuesday praised the International Cricket Council (ICC) for ""finding a very good solution"" that prompted Pakistan to withdraw its boycott of the T20 World Cup mat… [+2054 chars]"
Sri Lanka steps in and clears way for India-Pakistan T20 in Colombo,Pakistan’s decision follows President Anura Kumara Dissanayake’s nearly 30-minute-call telephone call with Prime Minister Shehbaz Sharif on Monday night,BusinessLine,2026-02-10T10:31:27Z,https://www.thehindubusinessline.com/news/sports/sri-lanka-steps-in-and-clears-way-for-india-pakistan-t20-in-colombo/article70614940.ece,Colombo A telephone call between Sri Lankan President Anura Kumara Dissanayake and Pakistani Prime Minister Shehbaz Sharif on Monday night appears to have been the gamechanger in convincing Pakistan … [+2427 chars]
What Mira Nair Taught Zohran Mamdani,"Mayor Zohran Mamdani’s famous filmmaker mother, Mira Nair, reveals the origins of his ferocious ambition.",Vulture,2026-02-10T10:00:00Z,http://www.vulture.com/article/what-mira-nair-taught-zohran-mamdani.html,"In December, the film director Mira Nair was in India preparing for her upcoming feature, Amri, about the life of the Indo-Hungarian painter Amrita Sher-Gil, whom she called our Frida Kahlo. She said… [+33250 chars]"
FULL LIST: Nigeria ranked 36th world’s most corrupt country in 2025,"Transparency International’s 2025 report reveals Nigeria’s corruption ranking. See where Nigeria stands among 182 nations and view the full list.

Read More: https://punchng.com/full-list-nigeria-ranked-36th-worlds-most-corrupt-country-in-2025/",The Punch,2026-02-10T09:21:24Z,https://punchng.com/full-list-nigeria-ranked-36th-worlds-most-corrupt-country-in-2025/,"Transparency International, a global coalition against corruption, has again ranked Nigeria as the 36th most corrupt country in the world.
The country retrogressed from 140th in 2024 to 142nd out of… [+5643 chars]"
De Leede helps Netherlands to win over Namibia,Bas de Leede stars with both bat and ball as the Netherlands open their account in the T20 World Cup with a convincing seven-wicket victory over Namibia.,BBC News,2026-02-10T09:09:35Z,https://www.bbc.com/sport/cricket/articles/cx28klldqn1o?xtor=AL-72-%5Bpartner%5D-%5Byahoo.north.america%5D-%5Bheadline%5D-%5Bsport%5D-%5Bbizdev%5D-%5Bisapi%5D,"Men's T20 World Cup, Group A, Delhi
Namibia 156-8 (20 overs): Loftie-Eaton 42 (38); Van Beek 2-13
Netherlands 159-3 (18 overs): De Leede 72* (48); Scholtz 1-27
Netherlands won by seven wickets
Sc… [+1567 chars]"
De Leede helps Netherlands cruise to win over Namibia,Bas de Leede stars with both bat and ball as the Netherlands open their account in the T20 World Cup with a convincing seven-wicket victory over Namibia.,BBC News,2026-02-10T09:09:30Z,https://www.bbc.com/sport/cricket/articles/cx28klldqn1o,"Bas de Leede starred with both bat and ball as the Netherlands opened their account in the T20 World Cup with a convincing seven-wicket victory over Namibia.
The Netherlands suffered a narrow defeat… [+1353 chars]"
"Assam CM Himanta files ₹500 cr defamation case against Congress leaders Gaurav Gogoi, Jitendra Singh, Bhupesh Baghel",Assam Chief Minister Himanta Biswa Sarma has filed a defamation lawsuit seeking ₹500 crore against Congress leaders. The suit follows allegations made by Sarma regarding Congress leader Gaurav Gogoi's alleged links to Pakistan. Congress leaders have refuted t…,The Times of India,2026-02-10T09:06:48Z,https://economictimes.indiatimes.com/news/elections/assembly-elections/assam/assam-cm-himanta-files-500-cr-defamation-case-against-congress-leaders-gaurav-gogoi-jitendra-singh-bhupesh-baghel/articleshow/128150353.cms,"Assam Chief Minister Himanta Biswa Sarma on Monday filed a defamation lawsuit seeking 500 crore in damages against Congress leaders Gaurav Gogoi, Jitendra Singh, and Bhupesh Baghel, terming their all… [+4748 chars]"
"India’s T20 World Cup squad demands family to travel along with them during tour, BCCI denies: Sources",India's T20 World Cup squad seeks family accompaniment throughout the tournament. The BCCI has reportedly denied this request. This follows a policy limiting family stays to two weeks for longer tours. Head coach Gautam Gambhir previously supported this direc…,The Times of India,2026-02-10T09:06:38Z,https://economictimes.indiatimes.com/news/sports/indias-t20-world-cup-squad-demands-family-to-travel-along-with-them-during-tour-bcci-denies-sources/articleshow/128150731.cms,"New Delhi: The defending champions India are co-hosting the ongoing ICC Men's T20 World Cup 2026 with Sri Lanka and according to sources, the Suryakumar Yadav-led Indian T20 side has demanded that th… [+2113 chars]"
Capping A grades at Harvard to curb inflation: Why faculty support comes with unease,"Harvard faculty are cautiously backing a plan to limit A grades to 20% per course and introduce internal rankings, aiming to curb grade inflation. While supporters believe it addresses a systemic issue and protects grading autonomy, critics worry about narrow…",The Times of India,2026-02-10T09:05:36Z,https://timesofindia.indiatimes.com/education/news/capping-a-grades-at-harvard-to-curb-inflation-why-faculty-support-comes-with-unease/articleshow/128150323.cms,"Follow Us On Social Media
Days Before Bangladesh Elections, Another Hindu Businessman Killed, Fears Rise Over Minority SafetyOpposition targets LS Speaker with no-confidence motion rules, process &a… [+1221 chars]"
T20 World Cup 2026: PAK vs USA pitch report and Colombo Stadium key stats,"Pakistan and the USA will play their first match against each other at the Sinhalese Sports Club, with both teams having faced each other just once earlier in New York",Business Standard,2026-02-10T08:47:19Z,https://www.business-standard.com/cricket/icc-t20-world-cup/t20-world-cup-2026-pak-vs-usa-pitch-report-and-colombo-stadium-key-stats-126020901253_1.html,"Pakistan and the USA will play their first match against each other at the Sinhalese Sports Club, with both teams having faced each other just once earlier in New York
Pakistan vs USA T20 World Cup … [+3402 chars]"
Two crucial water projects in Jammu and Kashmir to move forward after Indus treaty suspension,"The projects are: lifting water from the Chenab river for supply to Jammu city, and the Tulbul Navigation Barrage to regulate Jhelum waters in Kashmir",The Indian Express,2026-02-10T08:32:34Z,https://indianexpress.com/article/india/crucial-water-projects-jammu-kashmir-indus-treaty-suspension-10524195/,"Jammu and Kashmir Chief Minister Omar Abdullah on Tuesday expressed hope that work will soon begin on two long-pending water projects, following the suspension of the Indus Water Treaty. The projects… [+2408 chars]"
RBI Office Attendant recruitment 2026: Application correction window opens for 572 posts; direct link here,"The Reserve Bank of India has opened a two-day window for Office Attendant applicants to correct specific details in their forms. From February 10-11, 2026, candidates can edit exam centers, names, and categories for a ₹200 fee. Crucially, personal details li…",The Times of India,2026-02-10T08:31:00Z,https://timesofindia.indiatimes.com/education/news/rbi-office-attendant-recruitment-2026-application-correction-window-opens-for-572-posts-direct-link-here/articleshow/128149096.cms,"<ul><li>News</li>
<li>Education News</li>
<li>News</li>
<li>RBI Office Attendant recruitment 2026: Application correction window opens for 572 posts; direct link here</li></ul>
Follow Us On Socia… [+3138 chars]"
Bangladesh heads to the polls: What’s at stake for a nation rocked by Gen Z upheaval?,"The elections and referendum in Bangladesh will sway the country’s future governance, regional power equations, and trade trajectory Read Full Article at RT.com",RT,2026-02-10T08:24:56Z,https://www.rt.com/news/632238-bangladesh-heads-to-polls-whats/,"General elections will be held in Bangladesh on February 12, the first voting after a violent uprising, led by Gen Z protesters, in 2024 that ousted the government of former Prime Minister Sheikh Has… [+11034 chars]"
India-Pakistan T20 World Cup match: 'Dhurandhar' Vikrant Gupta's video 'Pak ka scripted boycott plan' goes viral where he lists four stages of drama. Watch here,"India-Pakistan T20 World Cup match: After Pakistan took a complete U-turn on its boycott of match with India, a video of senior Indian sports Vikrant Gupta re-surfaced on social media. The video was titled Pak ka scripted boycott plan where Gupta stages four …",The Times of India,2026-02-10T08:23:43Z,https://economictimes.indiatimes.com/news/new-updates/india-pakistan-t20-world-cup-match-dhurandhar-vikrant-guptas-video-pak-ka-scripted-boycott-plan-goes-viral-where-he-lists-four-stages-of-drama-watch-here/articleshow/128148953.cms,The India-Pakistan match in the T20 World Cup will go ahead as scheduled for February 15 in Columbo. Pakistan's U-turn came after its government decided to withdraw its boycott call following persuas… [+4544 chars]
"Planet Parade in February 2026: Rare celestial alignment of six planets, know how to watch?","Skywatchers can witness a rare planet parade on February 28, 2026. Six planets, including Mercury, Venus, Saturn, Neptune, Uranus, and Jupiter, will align in the night sky. This celestial event will be visible 30 to 60 minutes after sunset. Clear skies away f…",The Times of India,2026-02-10T08:10:43Z,https://timesofindia.indiatimes.com/astrology/planets-transits/planet-parade-in-february-2026-rare-celestial-alignment-of-six-planets-know-how-to-watch/articleshow/128148170.cms,"Follow Us On Social Media
Epstein Files SHAKE UP UK Royals; King Charles III WONT PROTECT Own Brother Andrew | Arrest Next?How Gujarat Titans Cracked The IPL In Their Debut SeasonPak Backtracks, Agr… [+2856 chars]"
Clashes erupt at Kerala University as SFI students protest for Youth Festival funds,"Clashes erupted between police and SFI activists at Kerala University headquarters over the Youth Festival funding. The Vice-Chancellor in charge stated only the newly elected committee can use university funds for the festival, rejecting the outgoing union's…",The Times of India,2026-02-10T08:08:55Z,https://timesofindia.indiatimes.com/city/thiruvananthapuram/clashes-erupt-at-kerala-university-as-sfi-students-protest-for-youth-festival-funds/articleshow/128148131.cms,"Follow Us On Social Media
Epstein Files SHAKE UP UK Royals; King Charles III WONT PROTECT Own Brother Andrew | Arrest Next?How Gujarat Titans Cracked The IPL In Their Debut SeasonPak Backtracks, Agr… [+2856 chars]"
SSC GD result 2025: Important notice issued for withheld candidates; check details here,The Staff Selection Commission has sent the final results of withheld SSC GD Constable 2025 candidates to the Central Reserve Police Force. The CRPF will now complete verification and release these results. Candidates should monitor the SSC website for update…,The Times of India,2026-02-10T08:08:05Z,https://timesofindia.indiatimes.com/education/news/ssc-gd-2025-important-notice-issued-for-withheld-candidates-check-details-here/articleshow/128148055.cms,"Follow Us On Social Media
Epstein Files SHAKE UP UK Royals; King Charles III WONT PROTECT Own Brother Andrew | Arrest Next?How Gujarat Titans Cracked The IPL In Their Debut SeasonPak Backtracks, Agr… [+2856 chars]"
"“I quit engineering in my third year,” writes a 21-year-old: How to rebuild your career path after dropping out","A student's decision to leave engineering midway through their degree highlights a growing trend of career uncertainty. After struggling with coursework and internships, they are exploring new paths, seeking financial stability and growth. The article advises…",The Times of India,2026-02-10T08:07:49Z,https://timesofindia.indiatimes.com/education/news/i-quit-engineering-in-my-third-year-writes-a-21-year-old-how-to-rebuild-your-career-path-after-dropping-out/articleshow/128148737.cms,"<ul><li>News</li>
<li>Education News</li>
<li>News</li>
<li>I quit engineering in my third year, writes a 21-year-old: How to rebuild your career path after dropping out</li></ul>
Follow Us On So… [+1411 chars]"
"RSSB Grade 4 Recruitment 2024: Scrutiny form window opens for 53,750 posts, check details here",The Rajasthan Staff Selection Board has opened the online scrutiny form window for 4th Grade (Class IV) Direct Recruitment 2024 after shortlisting candidates for eligibility checks. Selected applicants must submit the Detailed Application-cum-Scrutiny Form on…,The Times of India,2026-02-10T08:04:25Z,https://timesofindia.indiatimes.com/education/news/rssb-grade-4-recruitment-2024-scrutiny-form-window-opens-for-53750-posts-check-details-here/articleshow/128148456.cms,"<ul><li>News</li>
<li>Education News</li>
<li>News</li>
<li>RSSB Grade 4 Recruitment 2024: Scrutiny form window opens for 53,750 posts, check details here</li></ul>
Follow Us On Social Media
Eps… [+1396 chars]"
Who is Raj Jegannathan: Inside the journey of the Indian-origin Tesla VP who spent 13 years at Elon Musk’s company,"News News: Tesla Vice President Raj Jegannathan has ended his tenure of working for almost 13 years. He played an important role in being in a powerful role, not.",The Times of India,2026-02-10T08:01:09Z,https://timesofindia.indiatimes.com/auto/news/who-is-raj-jegannathan-inside-the-journey-of-the-indian-origin-tesla-vp-who-spent-13-years-at-elon-musks-company/articleshow/128148320.cms,"<ul><li>News</li>
<li>Auto News</li>
<li>News</li>
<li>Who is Raj Jegannathan: Inside the journey of the Indian-origin Tesla VP who spent 13 years at Elon Musks company</li></ul>
Follow Us On Soc… [+1410 chars]"
US zero-tariff clause for Bangladesh in trade deal: Are textile fears in India overblown?,"Indian textile stocks fell sharply following the US-Bangladesh trade agreement, which offers potential zero-tariff access for Bangladeshi textiles. This move raises concerns about India's competitive edge in the US market, despite earlier optimism surrounding…",The Times of India,2026-02-10T07:59:09Z,https://economictimes.indiatimes.com/industry/cons-products/garments-/-textiles/us-zero-tariff-clause-for-bangladesh-in-trade-deal-are-textile-fears-in-india-overblown/articleshow/128146675.cms,Shares of several Indian textile companies came under sharp pressure in trade on February 10 after the United States and Bangladesh announced the conclusion of their reciprocal trade agreement. Stock… [+7631 chars]
Happy Streets is all about fun and togetherness: Dipshikkha Nagppal,"The Times of India's Happy Streets initiative transformed Chembur's RCF Road into a vibrant, vehicle-free community hub on February 1. Residents of all ages enjoyed a morning filled with fitness, art, and shared experiences, including a Zumba session with act…",The Times of India,2026-02-10T07:53:17Z,https://timesofindia.indiatimes.com/city/mumbai/happy-streets-is-all-about-fun-and-togetherness-dipshikkha-nagppal/articleshow/128148292.cms,"Follow Us On Social Media
Desperate Savannah Guthrie Begs for Help; Nancy Still MissingKolkata Update Survivor Return, Organ Scam, Kabir Row, Attack On Cops, Teacher CrisisTrumps NATO Shake-up: US P… [+1250 chars]"
Mahindra XEV 9S e-SUV waiting period extends up to 9 months: Full list here,"Mahindra offers two home-charging options - a 7.2kW AC unit and a faster 11.2kW charger which needs to be bought separately, They’re priced at Rs 50,000 and Rs 75,000 respectively. Using the 7.2kW setup, the largest battery takes about 11.7 hours for a full c…",The Times of India,2026-02-10T07:51:56Z,https://timesofindia.indiatimes.com/auto/cars/mahindra-xev-9s-e-suv-waiting-period-extends-up-to-9-months-full-list-here/articleshow/128143995.cms,"Follow Us On Social Media
Desperate Savannah Guthrie Begs for Help; Nancy Still MissingKolkata Update Survivor Return, Organ Scam, Kabir Row, Attack On Cops, Teacher CrisisTrumps NATO Shake-up: US P… [+1250 chars]"
"T20 WC 2026: Pakistan vs USA preview, toss time, live streaming","The last time these two teams met in the T20 World Cup was in 2024, when the USA beat Pakistan and knocked them out of the competition",Business Standard,2026-02-10T07:46:39Z,https://www.business-standard.com/cricket/icc-t20-world-cup/t20-wc-2026-pakistan-vs-usa-preview-toss-time-live-streaming-126020900351_1.html,"The last time these two teams met in the T20 World Cup was in 2024, when the USA beat Pakistan and knocked them out of the competition
Pakistan vs USA T20 World Cup 2026 playing 11
Aditya KaushikNe… [+4370 chars]"
Push start-stop in cars: Pros and cons you should know,"Push start-stop systems offer modern convenience and enhanced security by eliminating traditional keys. While reducing wear and tear, these electronic systems can lead to forgotten engines and costly key fob replacements. Battery issues can also disable the f…",The Times of India,2026-02-10T07:39:23Z,https://timesofindia.indiatimes.com/auto/advice-centre/push-start-stop-in-cars-pros-and-cons-you-should-know/articleshow/128147733.cms,"<ul><li>News</li>
<li>Auto News</li>
<li>Push start-stop in cars: Pros and cons you should know</li></ul>
Follow Us On Social Media
Trumps NATO Shake-up: US Pulls Out Generals From Two Key Europe… [+1384 chars]"
UP Board extends Class 12 practical exam deadline till this date: Check details here,UP Board has extended the deadline for Class 12 practical exams to February 13 due to pending exams and un-uploaded marks. Schools and examiners must complete all practicals and upload marks by this date. The board warns of strict action against those respons…,The Times of India,2026-02-10T07:37:23Z,https://timesofindia.indiatimes.com/education/news/up-board-extends-class-12-practical-exam-deadline-till-this-date-check-details-here/articleshow/128147572.cms,"Follow Us On Social Media
Trumps NATO Shake-up: US Pulls Out Generals From Two Key European Bases In Major Power ShiftTrumps NATO Shake-up: US Pulls Out Generals From Two Key European Bases In Major… [+1275 chars]"
"T20 World Cup: ICC found ‘very good solution’, says Shukla as Pak agrees to play India",Pakistan will play India in the T20 World Cup after withdrawing its boycott. The International Cricket Council found a solution following discussions. BCCI vice-president Rajeev Shukla thanked the ICC for its efforts. The high-profile match is scheduled for F…,The Times of India,2026-02-10T07:14:11Z,https://economictimes.indiatimes.com/news/icc-mens-t20-world-cup/t20-world-cup-icc-found-very-good-solution-says-shukla-as-pak-agrees-to-play-india/articleshow/128146122.cms,"New Delhi: BCCI vice-president Rajeev Shukla on Tuesday praised the International Cricket Council (ICC) for ""finding a very good solution"" that prompted Pakistan to withdraw its boycott of the T20 Wo… [+1895 chars]"
"Haider Ali, who once sold mangoes in Pakistan, is leading UAE's bowling against his own nation in T20 World Cup","The story of Haider Ali is a powerful narrative of resilience, following a Pakistani fruit seller who survived a 30-foot fall and extreme poverty to become a star for the UAE national team. Today, as UAE takes on Pakistan in the T20 World Cup 2026, Haider sta…",The Times of India,2026-02-10T07:04:35Z,https://economictimes.indiatimes.com/news/new-updates/haider-ali-who-once-sold-mangoes-in-pakistan-is-leading-uaes-bowling-against-his-own-nation-in-t20-world-cup/articleshow/128145888.cms,"Before the cheering crowds of the ICC Mens T20 World Cup 2026, there was only the dust of a remote village in Pakistan and the heavy crates of fruit. This is not just a story of cricket; it is a stor… [+3287 chars]"
O'Romeo: The Real Story Of Hussain Ustara And Sapna,"In O'Romeo, Shahid Kapoor plays dreaded gangster Hussain Ustara, whose life has been touched upon in S Hussain Zaidi and Jane Borges' book Mafia Queens.",Rediff.com,2026-02-10T06:58:00Z,https://www.rediff.com/movies/special/o-romeo-the-real-story-of-hussain-ustara-and-sapna-didi/20260210.htm,"In O'Romeo, Shahid Kapoor plays dreaded gangster Hussain Ustara, whose life has been touched upon in S Hussain Zaidi and Jane Borges' book Mafia Queens.
IMAGE: Shahid Kapoor in O'Romeo.
Key Points… [+5912 chars]"
Pakistan agrees to face India in 2026 ICC Men’s T20 World Cup,"KATHMANDU: Pakistan has agreed to play the much-anticipated match against India in the 2026 ICC Men’s T20 World Cup, ending a prolonged deadlock that emerged after Pakistan had refused to face India 10 days ago. The Pakistan government and the International C…",Khabarhub.com,2026-02-10T06:45:09Z,https://english.khabarhub.com/2026/10/534511/,"KATHMANDU: Pakistan has agreed to play the much-anticipated match against India in the 2026 ICC Mens T20 World Cup, ending a prolonged deadlock that emerged after Pakistan had refused to face India 1… [+1324 chars]"
"BPSC 70th CCE phase 2 interview dates announced: Check schedule, call letter details here","The Bihar Public Service Commission (BPSC) has announced the second phase of interviews for the 70th CCE, scheduled from March 9 to April 10, 2026. Interview call letters will be released on February 26, 2026, and candidates must report an hour before their s…",The Times of India,2026-02-10T06:38:27Z,https://timesofindia.indiatimes.com/education/news/bpsc-70th-cce-phase-2-interview-dates-announced-check-schedule-call-letter-details-here/articleshow/128145440.cms,"<ul><li>News</li>
<li>Education News</li>
<li>News</li>
<li>BPSC 70th CCE phase 2 interview dates announced: Check schedule, call letter details here</li></ul>
Follow Us On Social Media
Jaipur: … [+3465 chars]"
IFSCA Grade 2 scorecard released at ifsca.gov.in: Direct link to download here,"The International Financial Services Centres Authority (IFSCA) has released the Grade A Phase II (Mains) scorecard 2026 on its official website. Candidates from the General, Legal and IT streams can check their sectional and overall marks. The Phase II exam, …",The Times of India,2026-02-10T06:34:03Z,https://timesofindia.indiatimes.com/education/news/ifsca-grade-2-scorecard-released-at-ifsca-gov-in-direct-link-to-download-here/articleshow/128144845.cms,Watch: Ghislaine Maxwell Faces Tough Congress Questions on Recruitment Claims; Epstein Probe EruptsTrump Vs Khamenei War: US WARNS Oil Tankers To STAY AWAY From Hormuz | 'If Iranian Forces Board...'L… [+3274 chars]
India vs Pakistan: Why Islamabad reversed boycott call; Timeline of events,"With the impasse resolved, Business Standard takes a look at the timeline of events surrounding the India vs Pakistan match.",Business Standard,2026-02-10T06:20:26Z,https://www.business-standard.com/cricket/icc-t20-world-cup/india-vs-pakistan-why-islamabad-reversed-boycott-call-timeline-of-events-126021000443_1.html,"With the impasse resolved, Business Standard takes a look at the timeline of events surrounding the India vs Pakistan match.
(L-R) Sri Lanka's President Anura Kumara Dissanayake, ICC president Jay S… [+4959 chars]"
Islamist leader rises from obscurity to challenge for Bangladesh’s top job,"DHAKA, Feb 10 (Reuters) - Shafiqur Rahman has long been on ‌the margins of Bangladeshi politics, but his bearded face now appears on posters and billboards across Dhaka, urging voters to elect the country's first Islamist‑led government in a ‌general election…",The Star Online,2026-02-10T06:13:00Z,https://www.thestar.com.my/news/world/2026/02/10/islamist-leader-rises-from-obscurity-to-challenge-for-bangladeshs-top-job,"DHAKA, Feb 10 (Reuters) - Shafiqur Rahman has long been on the margins of Bangladeshi politics, but his bearded face now appears on posters and billboards across Dhaka, urging voters to elect the cou… [+4678 chars]"
No rose without a thorn,"One who is born in affluence and has a problem-free life, very soon finds his mind becoming dull, while one who is born into a life of problems and hardship, has an active mind.",The Times of India,2026-02-10T06:05:56Z,https://timesofindia.indiatimes.com/speaking-tree/daily-ecstasy/no-rose-without-a-thorn/articleshow/128144121.cms,"Follow Us On Social Media
Lucknow: Yogi On Sanatan Dharma, Faster Investor Proposals, Free Trauma Diagnostics And MoreUS BOMBS Rip Ship Into Pieces, 2 Killed In Lethal Strike Amid Trump &amp; Iran N… [+1560 chars]"
Islamist leader rises from obscurity to challenge for Bangladesh’s top job,"By Tora AgarwalaDHAKA, Feb 10 (Reuters) - Shafiqur Rahman has long been on the margins of Bangladeshi politics, but his bearded face now appears on posters and billboards… Leggi",Internazionale.it,2026-02-10T06:01:37Z,https://www.internazionale.it/ultime-notizie-reuters/2026/02/10/islamist-leader-rises-from-obscurity-to-challenge-for-bangladesh-s-top-job,"By Tora Agarwala
DHAKA, 10 febbraio (Reuters) - Shafiqur Rahman è stato a lungo ai margini della politica del Bangladesh, ma il suo volto barbuto appare ora su manifesti e cartelloni in tutta Dacca,… [+5448 chars]"
‘Nafrat faila rahe hain’: Saqlain Mushtaq lashes out at ex-India cricketers ahead of IND vs PAK clash,Saqlain also explained why the days of off-field camaraderie between India and Pakistan are over.,The Indian Express,2026-02-10T05:57:40Z,https://indianexpress.com/article/sports/cricket/nafrat-faila-saqlain-mushtaq-lashes-india-cricketers-ind-vs-pak-10523854/,Ex-Pakistan cricketer Saqlain Mushtaq has accused former India cricketers of spreading hatred with their words in a withering criticism of his counterparts across the border. Saqlains comments came o… [+2747 chars]
Tata Punch EV facelift: Five big changes you need to know,"Even though the Punch EV facelift is expected to retain the same battery and motor setup as the current model, it could deliver a slightly improved driving range due to updated software calibrations. The Punch EV is expected to carry forward the same battery …",The Times of India,2026-02-10T05:52:33Z,https://timesofindia.indiatimes.com/auto/cars/tata-punch-ev-facelift-five-big-changes-you-need-to-know/articleshow/128143444.cms,"Follow Us On Social Media
US BOMBS Rip Ship Into Pieces, 2 Killed In Lethal Strike Amid Trump &amp; Iran Nuclear Tensions | WatchIndia-Pak T20 WC Match, Bengal SIR Deadline Extend, Gold Price Outloo… [+1553 chars]"
"Scolded for 'mingling with boys', 4 minor girls die by suicide in Bihar; fifth survives to tell tale","Tragedy struck in Aurangabad, Bihar, as four girls, aged 10-14, allegedly died by suicide after being reprimanded for associating with boys. The surviving fifth girl revealed they consumed poison together in a field. The incident, which occurred on January 29…",The Times of India,2026-02-10T05:52:02Z,https://timesofindia.indiatimes.com/city/patna/scolded-for-mingling-with-boys-4-minor-girls-die-by-suicide-in-bihar-fifth-survives-to-tell-tale/articleshow/128143376.cms,"<ul><li>News</li>
<li>City News</li>
<li>patna News</li>
<li>Scolded for 'mingling with boys', 4 minor girls die by suicide in Bihar; fifth survives to tell tale</li></ul>
Follow Us On Social Med… [+1729 chars]"
How to protect your motorcycle from theft: Simple yet important tips,"Motorcycle theft is a significant concern in India, the world's largest two-wheeler market. To safeguard your bike, invest in robust locks like disc or U-locks, and always park in well-lit, busy areas. Employing multiple locks, a plain cover, and considering …",The Times of India,2026-02-10T05:45:09Z,https://timesofindia.indiatimes.com/auto/advice-centre/how-to-protect-your-motorcycle-from-theft-simple-yet-important-tips/articleshow/128142141.cms,"<ul><li>News</li>
<li>Auto News</li>
<li>How to protect your motorcycle from theft: Simple yet important tips</li></ul>
'Was Epstein Sexually...': Maxwell Breaks Silence, Then Refuses To Answer | … [+3225 chars]"
"Despite a fever, Amit Trivedi lights up Bengaluru concert",Composer and singer Amit Trivedi headlined an exclusive gala evening at Bengaluru’s Bowring Institute’s main lawns. Set against the club’s colonial ch.,The Times of India,2026-02-10T05:39:36Z,https://timesofindia.indiatimes.com/city/bengaluru/despite-a-fever-amit-trivedi-lights-up-bengaluru-concert/articleshow/128143202.cms,"Follow Us On Social Media
'Was Epstein Sexually...': Maxwell Breaks Silence, Then Refuses To Answer | Rare Deposition Video'Take Strictest Possible Action': BJP Women MPs Write To Lok Sabha Speaker … [+3129 chars]"
TNPSC Assistant Public Prosecutor Grade 2 admit card released at tnpscexams.in: Direct link to download hall tickets here,"The Tamil Nadu Public Service Commission (TNPSC) has released the admit card for the Assistant Public Prosecutor (Grade II) preliminary exam 2026. Scheduled for 15 February 2026, the exam will run from 9:30 AM to 12:30 PM. Candidates can download their hall t…",The Times of India,2026-02-10T05:31:45Z,https://timesofindia.indiatimes.com/education/news/tnpsc-grade-2-admit-card-released-at-tnpscexams-in-direct-link-to-download-hall-tickets-here/articleshow/128142885.cms,"<ul><li>News</li>
<li>Education News</li>
<li>News</li>
<li>TNPSC Assistant Public Prosecutor Grade 2 admit card released at tnpscexams.in: Direct link to download hall tickets here</li></ul>
'Wa… [+3412 chars]"
Netherlands vs Namibia live streaming: Where to watch today's T20 WC match?,Netherlands captain Scott Edwards won the toss and elected to bowl first against Namibia in Match 10 of the ICC T20 World Cup 2026,Business Standard,2026-02-10T05:18:41Z,https://www.business-standard.com/cricket/icc-t20-world-cup/netherlands-vs-namibia-live-streaming-where-to-watch-today-s-t20-wc-match-126021000335_1.html,"Netherlands captain Scott Edwards won the toss and elected to bowl first against Namibia in Match 10 of the ICC T20 World Cup 2026
ICC Mens T20 World Cup 2026 Broadcast and streaming partners
BS We… [+6370 chars]"
Actress Tamannaah Bhatia set to front with KSDL for Mysuru Sandal Soap relaunch,"Karnataka Soaps and Detergents Ltd (KSDL) has partnered with actress Tamannaah Bhatia for a two-year brand ambassador deal to boost its market presence, especially in North India. The iconic Mysuru Sandal Soap will also receive updated packaging. KSDL aims to…",The Times of India,2026-02-10T05:00:35Z,https://timesofindia.indiatimes.com/city/bengaluru/actress-tamannaah-bhatia-set-to-front-with-ksdl-for-mysuru-sandal-soap-relaunch/articleshow/128141180.cms,"Follow Us On Social Media
Keir Starmer Refuses To Quit As British PM Amid Fallout Over Epstein Files | I Wont Walk AwayChennai: Health Initiatives, Court Case, Political Move &amp; Army Veterans Sta… [+1473 chars]"
"Fulton ready to test combinations & build squad for WC, Asiad as Pro League begins","Indian men's hockey team faces controversy as three senior players are rested for the FIH Pro League. Coach Craig Fulton emphasizes testing combinations and building squad depth for upcoming Asian Games and World Cup, aiming for Olympic qualification. He stre…",The Times of India,2026-02-10T04:54:53Z,https://timesofindia.indiatimes.com/city/bhubaneswar/fulton-ready-to-test-combinations-build-squad-for-wc-asiad-as-pro-league-begins/articleshow/128141563.cms,"Follow Us On Social Media
Keir Starmer Refuses To Quit As British PM Amid Fallout Over Epstein Files | I Wont Walk AwayChennai: Health Initiatives, Court Case, Political Move &amp; Army Veterans Sta… [+1473 chars]"
"T20 World Cup 2026 today's matches: PAK vs USA, NED vs NAM, NZ vs UAE",The ICC T20 World Cup 2026 action on Tuesday will start with the Netherlands taking on Namibia in Match 10 at the Arun Jaitley Stadium in New Delhi,Business Standard,2026-02-10T04:52:28Z,https://www.business-standard.com/cricket/icc-t20-world-cup/t20-world-cup-2026-today-s-matches-pak-vs-usa-ned-vs-nam-nz-vs-uae-126020901311_1.html,"The ICC T20 World Cup 2026 action on Tuesday will start with the Netherlands taking on Namibia in Match 10 at the Arun Jaitley Stadium in New Delhi
T20 World Cup 2026 today's matches
Aditya Kaushik… [+4363 chars]"
"Salesforce layoffs surface on LinkedIn: US cloud software giant announces job cuts. From marketing to data analytics, full list of worst-hit departments","Salesforce job cuts: Salesforce, the American cloud software giant, has announced job cuts that involved fewer than 1,000 roles. Various departments such as marketing, product management, data analytics, and Salesforce's Agentforce AI product have been hit du…",The Times of India,2026-02-10T04:49:18Z,https://economictimes.indiatimes.com/news/new-updates/salesforce-layoffs-surface-on-linkedin-us-cloud-software-giant-announces-job-cuts-from-marketing-to-data-analytics-full-list-of-worst-hit-departments/articleshow/128141480.cms,"Artificial Intelligence is shaking up the tech world yet again, this time at Salesforce. Salesforce, a leading cloud computing company, made cuts to its workforce at the beginning of this month, repo… [+3074 chars]"
Sri Lanka President thanks Pakistan PM for India match boycott withdrawal,"Sri Lanka's President Anura Kumara Dissanayake has thanked Pakistan Prime Minister Shehbaz Sharif for directing the Pakistan Cricket Board (PCB) to end the boycott of their T20 World Cup match against India here on February 15.
The India-Pakistan match will g…",Business Standard,2026-02-10T04:45:18Z,https://www.business-standard.com/cricket/icc-t20-world-cup/sri-lanka-president-thanks-pakistan-pm-for-india-match-boycott-withdrawal-126021000182_1.html,Sri Lanka's President Anura Kumara Dissanayake has thanked Pakistan Prime Minister Shehbaz Sharif for directing the Pakistan Cricket Board (PCB) to end the boycott of their T20 World Cup match agains… [+1140 chars]
What is the effect of weak Mercury in the horoscope? How to fix it in simple ways,"Experiencing overthinking, anxiety, or memory lapses? Vedic astrology suggests these could signal a weak Mercury, impacting intellect and communication. Ancient texts link this to specific planetary positions and afflictions. Fortunately, simple remedies like…",The Times of India,2026-02-10T04:33:56Z,https://timesofindia.indiatimes.com/astrology/planets-transits/what-is-the-effect-of-weak-mercury-in-the-horoscope-how-to-fix-it-in-simple-ways/articleshow/128110887.cms,"Follow Us On Social Media
Keir Starmer Refuses To Quit As British PM Amid Fallout Over Epstein Files | I Wont Walk AwayChennai: Health Initiatives, Court Case, Political Move &amp; Army Veterans Sta… [+1473 chars]"
President Anurath intervenes in the issue: Pakistan agrees to a cricket match with India in Colombo,"The Pakistan government and its cricket board have decided to withdraw their decision to boycott the crucial match between India and Pakistan, which was scheduled to be held under the 2026 T20 World Cup Cricket Tournament. The match was to be held at the R. P…",Gossiplankanews.com,2026-02-10T04:20:13Z,https://english.gossiplankanews.com/2026/02/president-anurath-intervenes-in-issue.html,"The Pakistan government and its cricket board have decided to withdraw their decision to boycott the crucial match between India and Pakistan, which was scheduled to be held under the 2026 T20 World … [+1899 chars]"
"Super Bowl LX 2026: Who is Alex Gonzalez, and what was written on his body when he crashed the field?","A streaker disrupted Super Bowl LX at Levi's Stadium, briefly halting the game in the fourth quarter. The shirtless man, identified as trader Alex Gonzalez, ran onto the field with ""Trade with Athena"" and his handle ""@fxalexg"" written on his back, revealing i…",The Times of India,2026-02-10T03:58:04Z,https://timesofindia.indiatimes.com/etimes/trending/super-bowl-lx-2026-who-is-alex-gonzalez-and-what-was-written-on-his-body-when-he-crashed-the-field/articleshow/128139912.cms,"<ul><li>News</li>
<li>lifestyle</li>
<li>trending</li>
<li>Super Bowl LX 2026: Who is Alex Gonzalez, and what was written on his body when he crashed the field?</li></ul>
Follow Us On Social Medi… [+1558 chars]"
"Jammu weather today: Temperatures to plunge as rain, thunderstorms likely today amid western disturbance impact? Check IMD's latest forecast",Weather update in Jammu: The temperatures in Jammu are likely to see a drop as the India Meteorological Department (IMD) has predicted cloudy skies with one or two spells of rain with thunderstorms today. A short spell of rainfall or snow is also expected on …,The Times of India,2026-02-10T03:57:43Z,https://economictimes.indiatimes.com/news/new-updates/jammu-weather-today-temperatures-to-plunge-as-rain-thunderstorms-likely-today-amid-western-disturbance-impact-check-imds-latest-forecast/articleshow/128140072.cms,"Jammu city is likely to witness general cloudy skies on Tuesday with one or two spells of rain or thundershowers, the India Meteorological Department (IMD) has predicted. According to the weather dep… [+2866 chars]"
T20 World Cup: Sri Lanka President thanks Pakistan PM for India match boycott withdrawal,Sri Lanka's President Anura Kumara Dissanayake thanked Pakistan Prime Minister Shehbaz Sharif. Sharif directed the Pakistan Cricket Board to end their boycott of the T20 World Cup match against India. The match will now proceed as scheduled. This decision fol…,The Times of India,2026-02-10T03:44:00Z,https://economictimes.indiatimes.com/news/sports/t20-world-cup-sri-lanka-president-thanks-pakistan-pm-for-india-match-boycott-withdrawal/articleshow/128139845.cms,Colombo: Sri Lanka's President Anura Kumara Dissanayake has thanked Pakistan Prime Minister Shehbaz Sharif for directing the Pakistan Cricket Board (PCB) to end the boycott of their T20 World Cup mat… [+985 chars]
China's influence in Bangladesh likely to deepen as India's ties decline,"China has stepped up its investment and diplomatic outreach in Dhaka, most recently signing a defence deal to build a drone factory near Bangladesh's border with India",Business Standard,2026-02-10T03:23:58Z,https://www.business-standard.com/world-news/china-s-influence-in-bangladesh-likely-to-deepen-as-india-s-ties-decline-126021000077_1.html,"China's influence in Bangladesh, boosted by the 2024 ouster of New Delhi-aligned leader Sheikh Hasina, is likely to deepen after this week's election, although politicians and analysts say India is t… [+6366 chars]"
"India-Pakistan T20 World Cup match: From boycott to surrender, how Mohsin Naqvi and Shehbaz Sharif took a complete U-turn in 10 days","India-Pakistan T20 World Cup match: The India-Pakistan T20 World Cup match will be held on February 15 after Pakistan took a complete U-turn and decided to play the match. Just a week back, PCB's chief Mohsin Naqvi and Shehbaz Sharif were stern on their stanc…",The Times of India,2026-02-10T03:23:02Z,https://economictimes.indiatimes.com/news/new-updates/india-pakistan-t20-world-cup-match-from-boycott-to-surrender-how-mohsin-naqvi-and-shehbaz-sharif-took-a-complete-u-turn-in-10-days/articleshow/128139126.cms,"On February 1, Pakistan said it will not take the field against India at the 2026 ICC Men's T20 World Cup, the government of Pakistan said in an official statement. And in just ten days, Pakistan too… [+6275 chars]"
Cricket: India-Pakistan T20 World Cup clash back on after boycott ends,Pakistan had decided to forfeit its high-profile T20 World Cup match against India after the ICC rejected Bangladesh's security concerns about playing in India and replaced them with Scotland. The high-stakes match between India and Pakistan at the T20 World …,DW (English),2026-02-10T03:11:00Z,https://www.dw.com/en/cricket-india-pakistan-t20-world-cup-clash-back-on-after-boycott-ends/a-75887991,"The high-stakes match between India and Pakistan at the T20 World Cup is back on after the Pakistani government on Monday directed its national cricket team to play India.
The announcement ends a we… [+3116 chars]"
"Iran was one of the first countries to establish diplomatic relations with India, says Ambassador Sibi George",India and Iran mark 75 years of diplomatic ties. This relationship is built on thousands of years of shared history and culture. Both nations have strong people-to-people connections. The Chabahar Port project symbolizes their cooperation and boosts regional …,The Times of India,2026-02-10T03:02:48Z,https://economictimes.indiatimes.com/news/india/iran-was-one-of-the-first-countries-to-establish-diplomatic-relations-with-india-says-ambassador-sibi-george/articleshow/128138842.cms,"New Delhi: On the 47th anniversary of the Islamic revolution, Secretary (West) in the Ministry of External Affairs, Sibi George spoke about India's 75-year-old diplomatic relations with Iran.He said,… [+2545 chars]"
China set to deepen influence in Bangladesh after election as India ties strain,"While ties with India have deteriorated amid political, diplomatic and cricket-related disputes, analysts say Bangladesh cannot afford to sideline its powerful neighbour entirely",BusinessLine,2026-02-10T02:20:20Z,https://www.thehindubusinessline.com/news/world/china-set-to-deepen-influence-in-bangladesh-after-election-as-india-ties-strain/article70613638.ece,"Chinas influence in
Bangladesh, boosted by the 2024 ouster of New Delhi-aligned
leader Sheikh Hasina, is likely to deepen after this week's
election, although politicians and analysts say India is… [+6278 chars]"
Pakistan to play India in World Cup clash,"Mumbai, Feb 10: Pakistan has withdrawn its earlier decision to boycott the match against India in the ICC T20 World […]
The post Pakistan to play India in World Cup clash appeared first on Peoples' Review.",Mypeoplesreview.com,2026-02-10T02:00:00Z,https://mypeoplesreview.com/2026/02/10/pakistan-to-play-india-in-world-cup-clash/,"Mumbai, Feb 10: Pakistan has withdrawn its earlier decision to boycott the match against India in the ICC T20 World Cup 2026. Pakistan will now face India in the group stage match scheduled for Febru… [+1229 chars]"
"US trims Bangladesh tariffs to 19%, eases access for some garments","Bangladesh on Monday secured a reduced 19 per cent tariff under a trade agreement with the United States that would exempt some textiles and garments manufactured with US materials, interim government chief Muhammad Yunus said.
In an X post, he said Washingto…",Business Standard,2026-02-10T01:43:37Z,https://www.business-standard.com/world-news/us-trims-bangladesh-tariffs-to-19-eases-access-for-some-garments-126021000033_1.html,"Bangladesh on Monday secured a reduced 19 per cent tariff under a trade agreement with the United States that would exempt some textiles and garments manufactured with US materials, interim governmen… [+3046 chars]"
"T20 World Cup match: Pakistan government ends boycott threat, India match back on schedule",India vs Pakistan T20 World Cup clash will be played on February 15 in Colombo after Pakistan withdrew its boycott call following talks with Bangladesh and Sri Lanka.,BusinessLine,2026-02-10T01:23:29Z,https://www.thehindubusinessline.com/news/sports/t20-world-cup-match-pakistan-government-ends-boycott-threat-india-match-back-on-schedule/article70613604.ece,"The India-Pakistan match in the T20 World Cup will go ahead as scheduled after Pakistan's government decided to withdraw its boycott call following persuasion from Bangladesh and Sri Lanka, ending an… [+1204 chars]"
Analysis-China set to widen footprint in Bangladesh as India’s ties decline,"By Tora AgarwalaDHAKA, Feb 10 (Reuters) - China’s influence in Bangladesh, boosted by the 2024 ouster of New Delhi‑aligned leader Sheikh Hasina, is likely to deepen after… Leggi",Internazionale.it,2026-02-10T01:12:06Z,https://www.internazionale.it/ultime-notizie-reuters/2026/02/10/analysis-china-set-to-widen-footprint-in-bangladesh-as-india-s-ties-decline,"di Tora Agarwala
DHAKA, 10 febbraio (Reuters) - Linfluenza della Cina in Bangladesh, favorita dallestromissione nel 2024 della leader Sheikh Hasina, allineata con New Delhi, è destinata ad aumentare… [+7242 chars]"
Best of BS Opinion: Automation surge and the fragile nuclear peace,Here are the best of Business Standard's opinion pieces for today,Business Standard,2026-02-10T00:45:08Z,https://www.business-standard.com/opinion/specials/best-of-bs-opinion-automation-surge-and-the-fragile-nuclear-peace-126020901321_1.html,"Here are the best of Business Standard's opinion pieces for today
Illustration: Ajaya Kumar Mohanty
Abhijeet KumarNew Delhi
Anthropics launch of Claude Cowork has unsettled the global technology i… [+2790 chars]"
Test Match Special Podcast,"Mark Chapman is joined by Tymal Mills, Phil Tufnell and Stephan Shemilt.",BBC News,2026-02-09T23:40:00Z,https://www.bbc.co.uk/sounds/play/p0n03ttt,"Available for 29 days
Mark Chapman is joined by T20 World Cup winner Tymal Mills, former England spinner Phil Tufnell and Chief Cricket Reporter Stephan Shemilt to discuss the opening few days of th… [+571 chars]"
Papers: Man Utd still planning for future without Rashford,The top stories and transfer rumours from Tuesday's newspapers...,Sky Sports,2026-02-09T22:20:00Z,https://www.skysports.com/football/transfer-paper-talk/12709/13505501/marcus-rashford-manchester-united-still-planning-for-future-without-on-loan-barcelona-forward-paper-talk,"The top stories and transfer rumours from Tuesday's newspapers...
PREMIER LEAGUE 
Manchester United are still planning for the future without Marcus Rashford, who is on a season-long loan at Barcel… [+3719 chars]"
Pakistan ends boycott and will face India at T20 World Cup,"Pakistan reversed its decision to boycott the T20 World Cup game against India and was directed to “take the field” in Colombo next Sunday. A weeklong impasse ended on Monday, a day after International Cricket Council director Imran Khawaja and Bangladesh Cri…",Japan Today,2026-02-09T22:00:59Z,https://japantoday.com/category/sports/pakistan-ends-boycott-and-will-face-india-at-t20-world-cup,"Pakistan reversed its decision to boycott the T20 World Cup game against India and was directed to take the field in Colombo next Sunday.
A weeklong impasse ended on Monday, a day after Internationa… [+3168 chars]"
A precarious peace with the rise of a drone-missile arms race in South Asia,"Post-Operation Sindoor, India and Pakistan are locked in a technology-driven arms race",Business Standard,2026-02-09T20:30:17Z,https://www.business-standard.com/blueprint-defence-magazine/reports/a-precarious-peace-with-the-rise-of-a-drone-missile-arms-race-in-south-asia-126020300809_1.html,"Post-Operation Sindoor, India and Pakistan are locked in a technology-driven arms race"
freefiregen added to PyPI,Free Fire guest account generator library.,Pypi.org,2026-02-09T19:39:56Z,https://pypi.org/project/freefiregen/,"A powerful and reliable Python library for generating and managing Free Fire guest accounts programmatically. Perfect for bot development, account automation, and game testing.
Author: @m2_byteStatu… [+10837 chars]"
"Pakistan reverses World Cup boycott, setting up showdown with India","Pakistan has ‍agreed to play India ​in the ⁠T20 World Cup match scheduled to take ‌place in Colombo this ‍Sunday, February 15.",ABC News (AU),2026-02-09T19:30:20Z,https://www.abc.net.au/news/2026-02-10/pakistan-reverses-world-cup-boycott-to-face-india-t20-world-cup/106324864,"Pakistan has agreed to play India in the T20 World Cup match scheduled to take place in Colombo this Sunday, February 15.
The decision will come as a relief to national governing bodies everywhere, … [+2110 chars]"
India-Pakistan T20WC match on after Pak govt withdraws boycott call,Pakistan will play India in the T20 World Cup as scheduled. The decision follows persuasion from Bangladesh and Sri Lanka. The match is set for February 15 in Colombo. Pakistan's government confirmed the team will take the field. This ends an impasse that sha…,The Times of India,2026-02-09T19:16:03Z,https://economictimes.indiatimes.com/news/sports/india-pakistan-t20wc-match-on-after-pak-govt-withdraws-boycott-call/articleshow/128128166.cms,Islamabad/Dhaka: The India-Pakistan match in the T20 World Cup will go ahead as scheduled after Pakistan's government decided to withdraw its boycott call following persuasion from Bangladesh and Sri… [+4188 chars]
This new platform lets AI ‘rent’ humans for work – here’s how it works,"A new platform, Rentahuman.ai, allows AI systems to hire humans for real-world tasks, sparking widespread online discussion. AI agents now select individuals based on skills and availability, assigning them work and handling payments. This innovative approach…",The Times of India,2026-02-09T18:59:26Z,https://timesofindia.indiatimes.com/etimes/trending/this-new-platform-lets-ai-rent-humans-for-work-heres-how-it-works/articleshow/128127509.cms,"Follow Us On Social Media
'Anomie' box office collections day 4: Bhavanas thriller collects 89 lakhs; Film sees slow runNew Harry Potter series starring Dominic McLaughlin, teased as 'streaming even… [+1568 chars]"
"Pakistan to play India in T20 World Cup, ending a week-long standoff",The fixture on February 15 in Colombo had been in doubt for a week.,New Zealand Herald,2026-02-09T18:59:04Z,https://www.nzherald.co.nz/sport/cricket/cricket-world-cup/pakistan-to-play-india-in-t20-world-cup/TALWKAYAKNHSFHK5MKUU4KLJEM/,Pakistan will play India at the Twenty20 World Cup. Photo / PhotosportPakistans Prime Minister Shehbaz Sharif has cleared the countrys cricket team to play India in the T20 World Cup on February 15 i… [+856 chars]
Pakistan ends boycott and will face India at T20 World Cup,,Yahoo Entertainment,2026-02-09T18:55:30Z,https://consent.yahoo.com/v2/collectConsent?sessionId=1_cc-session_ddd32904-cc7b-4eb1-bcb8-dade8301a5c7,"If you click 'Accept all', we and our partners, including 246 who are part of the IAB Transparency &amp; Consent Framework, will also store and / or access information on a device (in other words, us… [+1046 chars]"
We're preparing to play all games at T20 WC: Pakistani pacer Mirza on playing India,"Pakistan cricketer Salman Mirza confirmed the team is focused on the T20 World Cup. He mentioned that playing against India on February 15 is a government decision. The team is preparing for all matches, including the upcoming one against USA. Mirza acknowled…",The Times of India,2026-02-09T18:34:33Z,https://economictimes.indiatimes.com/news/sports/were-preparing-to-play-all-games-at-t20-wc-pakistani-pacer-mirza-on-playing-india/articleshow/128126897.cms,"Colombo, Pakistan pacer Salman Mirza on Monday said that the team is preparing for the entire T20 World Cup and will play against arch-rivals India on February 15 here if his government decides so.Wh… [+3712 chars]"
Pakistan to play T20 World Cup match against India on Feb 15,Pakistan’s government directs cricket team to take the field against India on Feb 15 in Colombo.,Al Jazeera English,2026-02-09T18:25:29Z,https://www.aljazeera.com/sports/2026/2/9/pakistan-to-play-t20-world-cup-match-against-india-on-feb-15,"Pakistans cricket team will play its T20 World Cup match against India on February 15 upon the orders of its government, reversing its earlier decision to boycott the game against its old rival citin… [+274 chars]"
"Pakistan agrees to play India in T20 World Cup match, government says","Feb 9 : Pakistan has agreed to play India in the Twenty20 cricket World Cup match scheduled to take place in Sri Lanka on February 15, Pakistan's government said on Monday, reversing its earlier decision to boycott the game against its old rival citing geopol…",CNA,2026-02-09T18:24:44Z,https://www.channelnewsasia.com/sport/pakistan-agrees-play-india-in-t20-world-cup-match-government-says-5918631,"We know it's a hassle to switch browsers but we want your experience with CNA to be fast, secure and the best it can possibly be.
To continue, upgrade to a supported browser or, for the finest exper… [+30 chars]"
